programme_key,learner,scheme,n,mae,rmse,predictive_r2,bias,observed_mean,predicted_mean,zero_mae,positive_mae,balanced_mae,severe_mae,occurrence_brier
ltmp,benchmark,leave_one_event_out,199,0.0845732020476796,0.12952403217329803,0.39742625204553117,-0.004393957077924861,0.0887202187883077,0.08432626171038284,0.054931056973736694,0.12273320490149116,0.08883213093761393,0.2410386717632561,0.28013113732500894
ltmp,benchmark,reef_blocked_5fold,199,0.08587154119675165,0.13175732040772292,0.3764676317862973,1.7786897445157927e-4,0.0887202187883077,0.08889808776275927,0.060528895498676835,0.11849655634829624,0.08951272592348654,0.24229269783777033,0.23531071498275458
ltmp,benchmark,region_blocked,199,0.08991206259030537,0.13318654085923434,0.3628668905202568,0.008582736867881264,0.0887202187883077,0.09730295565618896,0.06989907192205057,0.11567591264598971,0.09278749228402014,0.2381812551270385,0.246310992398438
ltmp,brms,leave_one_event_out,199,0.08861080766657566,0.1334829739246388,0.3600276021006188,0.010212432298392348,0.0887202187883077,0.09893265108670005,0.06648165415714082,0.11709891333389408,0.09179028374551745,0.22019744551309506,0.24394332323070378
ltmp,brms,reef_blocked_5fold,199,0.07716709549095677,0.1275319581908255,0.41581883348710436,-0.0012522594107316428,0.0887202187883077,0.08746795937757605,0.049826689942572104,0.11236393941531403,0.08109531467894307,0.2383324497556471,0.20539391090535408
ltmp,brms,region_blocked,199,0.10564770774591171,0.14606839706561248,0.23365906916574097,0.04254630997395277,0.0887202187883077,0.13126652876226047,0.0908483212141281,0.1246997915569435,0.1077740563855358,0.20177324468893162,0.22023477062172422
ltmp,brt,leave_one_event_out,199,0.08299497442489903,0.13994034297995506,0.29661133841993326,-0.016896283821837683,0.0887202187883077,0.07182393496647002,0.0486895845206168,0.12715823499133133,0.08792390975597407,0.27464685642751663,0.2887602946633506
ltmp,brt,reef_blocked_5fold,199,0.08125319808972102,0.12654657366341468,0.4248113906108757,-0.002755534421486415,0.0887202187883077,0.08596468436682128,0.054168645265800286,0.1161206683917799,0.08514465682879009,0.23192789473044634,0.21281195775293427
ltmp,brt,region_blocked,199,0.09706193693541812,0.14510488915668762,0.24373572225420925,0.009121220620566832,0.0887202187883077,0.09784143940887453,0.07287390257463588,0.12820055588263202,0.10053722922863395,0.2382570126837553,0.34104130408665145
ltmp,formal_ensemble,leave_one_event_out,199,0.08476527345443174,0.1305545254661115,0.3877999560228249,4.0211961913310285e-4,0.0887202187883077,0.0891223384074408,0.060614921522623696,0.11585538168848349,0.08823515160555359,0.23360894950448682,0.24698192803507787
ltmp,formal_ensemble,reef_blocked_5fold,199,0.07821042864541954,0.12384633992996617,0.44909609870467104,-0.002446550434103294,0.0887202187883077,0.0862736683542044,0.05197535596457068,0.11198431531501805,0.08197983563979437,0.2317325345959253,0.20204176575468247
ltmp,formal_ensemble,region_blocked,199,0.09642203055852562,0.1378685177991016,0.31728458554028727,0.02383690437299878,0.0887202187883077,0.11255712316130648,0.08021645364366332,0.11728438244892307,0.0987504180462932,0.20986545444880178,0.27072610933148633
ltmp,stacked_ensemble,leave_one_event_out,199,0.08439011403584888,0.12698220709866467,0.4208444292708722,-7.973762057446514e-4,0.0887202187883077,0.08792284258256304,0.05903072072603324,0.11703668933124373,0.08803370502863848,0.2350937887674398,0.2588134655059756
ltmp,stacked_ensemble,reef_blocked_5fold,199,0.079203088045503,0.12424435339687222,0.44554945358336595,-0.0020358822254333353,0.0887202187883077,0.08668433656287436,0.05416950119113669,0.11143023434077914,0.08279986776595792,0.2338055507652952,0.20492479895032364
ltmp,stacked_ensemble,region_blocked,199,0.09023092357706511,0.13061324807989783,0.3872491046194848,0.021627948305426033,0.0887202187883077,0.11034816709373373,0.07755586357256493,0.10654824220354811,0.09205205288805651,0.21421885453548248,0.23933775586274833
manta,benchmark,leave_one_event_out,248,0.11631243333185219,0.15909360375339435,-0.06567142353487632,-0.017343314154277298,0.10298413264736025,0.08564081849308296,0.08187109089080073,0.15952066293971676,0.12069587691525874,0.23762787797309248,0.3213445670777552
manta,benchmark,reef_blocked_5fold,248,0.10269800709628606,0.13510511472524842,0.2314688723816848,-0.0011058445270878594,0.10298413264736025,0.1018782881202724,0.07913488104063701,0.13225901978428212,0.10569695041245956,0.19032774133693284,0.22318861808174545
manta,benchmark,region_blocked,248,0.1034577782236846,0.13750122158681355,0.20396714263291005,-0.0028654264199018736,0.10298413264736025,0.10011870622745837,0.080308118136421,0.13250007906043348,0.10640409859842724,0.19137495636461893,0.2515768747990753
manta,brms,leave_one_event_out,248,0.10523346489534197,0.1405142011824484,0.16869896978569987,-0.010599602640169119,0.10298413264736025,0.09238453000719113,0.07369173186154604,0.14480400270137686,0.10924786728146145,0.22102067251793067,0.26625438021594594
manta,brms,reef_blocked_5fold,248,0.08705176343724715,0.12363554666263403,0.35641696418934776,-0.005977243367602304,0.10298413264736025,0.09700688927975795,0.056032603747059984,0.12596670923039105,0.09099965648872552,0.17937245414803618,0.18158066713562615
manta,brms,region_blocked,248,0.10935457632892435,0.14770414989051006,0.0814489965206977,0.013908163488759671,0.10298413264736025,0.11689229613611993,0.08009857130846168,0.1460575644455048,0.11307806787698324,0.19716110816266513,0.203070532539106
manta,brt,leave_one_event_out,248,0.13612159936856655,0.18075903858663478,-0.37568159402193024,-0.0127932921822189,0.10298413264736025,0.09019084046514135,0.10184058733666165,0.1791286871904109,0.14048463726353627,0.2787051912851786,0.39994131198071753
manta,brt,reef_blocked_5fold,248,0.08460722470637874,0.12056815864639553,0.3879553053588257,-0.0012617473829463171,0.10298413264736025,0.10172238526441393,0.05541688312769531,0.12122783505054523,0.08832235908912027,0.1678585493936798,0.19022770242542553
manta,brt,region_blocked,248,0.11596157177098505,0.14995554210731663,0.05323341083659183,0.010650936904634986,0.10298413264736025,0.11363506955199525,0.09100900064090961,0.14726570646144332,0.11913735355117647,0.20899317164839784,0.25443399069862943
manta,formal_ensemble,leave_one_event_out,248,0.10523346489534197,0.1405142011824484,0.16869896978569987,-0.010599602640169119,0.10298413264736025,0.09238453000719113,0.07369173186154604,0.14480400270137686,0.10924786728146145,0.22102067251793067,0.26625438021594594
manta,formal_ensemble,reef_blocked_5fold,248,0.08428205275870315,0.11736763149622435,0.42001793733197235,-0.0030223731175794428,0.10298413264736025,0.09996175952978081,0.0561342047754223,0.11959480750136457,0.08786450613839344,0.16952944015285734,0.17618973283000924
manta,formal_ensemble,region_blocked,248,0.11113463900125432,0.14251385271899428,0.1448701963774518,0.013510182776075122,0.10298413264736025,0.11649431542343537,0.08648132785901154,0.14206333843424981,0.11427233314663068,0.20094028412050816,0.20725630862787126
manta,stacked_ensemble,leave_one_event_out,248,0.10523809388269843,0.14051718679231656,0.16866364286633984,-0.010597356721240086,0.10298413264736025,0.09238677592612017,0.07369960914741833,0.1448045565505953,0.10925208284900681,0.22102201403646665,0.26625899549054177
manta,stacked_ensemble,reef_blocked_5fold,248,0.08428282343078787,0.1173678599506074,0.4200156794765215,-0.003021357234787832,0.10298413264736025,0.09996277541257242,0.056135500301514894,0.11959491972023942,0.08786521001087716,0.16952892297333721,0.17618963219171938
manta,stacked_ensemble,region_blocked,248,0.10306807522862318,0.13311451052901527,0.25394871921185325,0.004892371301213843,0.10298413264736025,0.10787650394857409,0.08268385148591652,0.12864101046947338,0.10566243097769495,0.19211711121750236,0.20881259119048054
mmp,benchmark,leave_one_event_out,90,0.17111456353504345,0.24184840290326515,-0.08794972647807131,-0.02615283634416858,0.18723893040686382,0.16108609406269525,0.12503369003671577,0.1953265479155207,0.16018011897611822,0.25380220095460787,0.2082539298634155
mmp,benchmark,reef_blocked_5fold,90,0.16750983740654413,0.22800542633352308,0.03303056714914798,-1.354138605533912e-4,0.18723893040686382,0.18710351654631044,0.15869878749115185,0.17213937210785193,0.16541907979950188,0.2179384516395114,0.20614454874955188
mmp,benchmark,region_blocked,90,0.18616574281862533,0.24461005065415276,-0.11293800960333544,-0.010561637173386288,0.18723893040686382,0.17667729323347753,0.16593361504963847,0.19679618283283878,0.18136489894123864,0.2584360174148694,0.24252553025570464
mmp,brms,leave_one_event_out,90,0.17406036674340947,0.24297565727457948,-0.09811522009836238,-0.05275894466212519,0.18723893040686382,0.13447998574473863,0.12916113142532995,0.19765149038511226,0.16340631090522112,0.28830430885677427,0.35534517421098327
mmp,brms,reef_blocked_5fold,90,0.1580718048531432,0.21870015414647426,0.11034718338216876,0.0186454070413206,0.18723893040686382,0.20588433744818443,0.14278206845863295,0.16610539516212317,0.15444373181037807,0.19984515072691222,0.1900505600081912
mmp,brms,region_blocked,90,0.2261607073037982,0.2662374909338938,-0.3184413137323914,0.055309188406077084,0.18723893040686382,0.24254811881294092,0.27036230409964546,0.20293613949581066,0.23664922179772807,0.23091191029573802,0.29084927009321787
mmp,brt,leave_one_event_out,90,0.17553506566557564,0.25196995239494213,-0.1809183950778206,-0.0775667936763093,0.18723893040686382,0.10967213673055454,0.11369212253628787,0.2080288154453709,0.1608604689908294,0.3188992074950693,0.30151793546574057
mmp,brt,reef_blocked_5fold,90,0.15885041258820237,0.22960231164695533,0.0194383762307756,-0.011758910249010894,0.18723893040686382,0.17548002015785294,0.11764731807761576,0.18049949614461228,0.14907340711111403,0.22797561027252775,0.19760013795424985
mmp,brt,region_blocked,90,0.2590373161165201,0.30405744229597015,-0.7196246252583263,0.05798613400433777,0.18723893040686382,0.2452250644112016,0.298077435330738,0.23852471110565981,0.2683010732181989,0.2713200132483381,0.4117420590253008
mmp,formal_ensemble,leave_one_event_out,90,0.17442929053526515,0.24553997515454432,-0.12141612063053175,-0.05952951847278873,0.18723893040686382,0.1277094119340751,0.12467970243632708,0.2005689046211479,0.1626243035287375,0.29708911808279875,0.3199575234821196
mmp,formal_ensemble,reef_blocked_5fold,90,0.15772151738206353,0.21922832885013666,0.10604485882093884,0.015208206150734805,0.18723893040686382,0.20244713655759863,0.13900881954180078,0.16755361285745582,0.1532812161996283,0.20201453273978756,0.18745610207797123
mmp,formal_ensemble,region_blocked,90,0.2261607073037982,0.2662374909338938,-0.3184413137323914,0.055309188406077084,0.18723893040686382,0.24254811881294092,0.27036230409964546,0.20293613949581066,0.23664922179772807,0.23091191029573802,0.29084927009321787
mmp,stacked_ensemble,leave_one_event_out,90,0.18248756271403305,0.2518600991914578,-0.17988891209102364,-0.034238158633361354,0.18723893040686382,0.15300077177350246,0.1354000352444987,0.20722846697768665,0.17131425111109266,0.28282135080888404,0.26204158183389964
mmp,stacked_ensemble,reef_blocked_5fold,90,0.16167970383522576,0.2174314915774725,0.12063885940844898,0.0174380604961047,0.18723893040686382,0.2046769909029685,0.15227594473858008,0.16662066200464976,0.15944830337161492,0.20151747081463459,0.18976585029634754
mmp,stacked_ensemble,region_blocked,90,0.1873878493615625,0.24595621513897248,-0.12522139812238797,-0.012286919958446692,0.18723893040686382,0.17495201044841713,0.1658570228463283,0.1987006565136347,0.18227883967998149,0.2618465323941141,0.25036309750390146
