source_observation_id,ReefID,ReefName,event_year,survey_date,depth,reef_zone,reefpage_category,mortality_prop,legacy_survey_max_dhw,reconstructed_ann_maxdhw,dhw_difference,legacy_below4,reconstructed_below4,legacy_below4_reclassified,environmental_feature_count,environment_match_method,lon,lat
4142980,18-001,Richards (Bedarra) Reef (18-001),2024,2024-06-03,2,_,null,0,4.065,4.12,0.054999999999999716,FALSE,FALSE,FALSE,1,exact_reef_name,146.15190588458626,-18.00790179491856
4142991,18-001,Richards (Bedarra) Reef (18-001),2024,2024-06-03,5,_,null,0.04904518159865426,4.065,4.12,0.054999999999999716,FALSE,FALSE,FALSE,1,exact_reef_name,146.15190588458626,-18.00790179491856
4167064,17-053,Stingaree Reefs (17-053),2024,2024-06-03,2,South,null,0,3.976666667,4.15,0.17333333300000042,TRUE,FALSE,TRUE,1,exact_reef_name,146.1511371492056,-17.95156984600971
4167081,17-053,Stingaree Reefs (17-053),2024,2024-06-03,5,South,null,0,3.976666667,4.15,0.17333333300000042,TRUE,FALSE,TRUE,1,exact_reef_name,146.1511371492056,-17.95156984600971
4167098,17-053,Stingaree Reefs (17-053),2024,2024-06-04,2,North,null,0.08448089989497658,3.976666667,4.15,0.17333333300000042,TRUE,FALSE,TRUE,1,exact_reef_name,146.1511371492056,-17.95156984600971
4167117,17-053,Stingaree Reefs (17-053),2024,2024-06-04,5,North,null,0.11474101713504835,3.976666667,4.15,0.17333333300000042,TRUE,FALSE,TRUE,1,exact_reef_name,146.1511371492056,-17.95156984600971
4155460,23-016,Humpy (Bur-ye-Bur-ye) Reef (23-016),2017,2017-05-14,2,_,null,0,4.4,4.4,0,FALSE,FALSE,FALSE,1,exact_reef_name,150.96767608210962,-23.211159371709183
4155480,23-016,Humpy (Bur-ye-Bur-ye) Reef (23-016),2017,2017-05-14,5,_,null,0.07656755222974268,4.4,4.4,0,FALSE,FALSE,FALSE,1,exact_reef_name,150.96767608210962,-23.211159371709183
4137925,18-049e,Orpheus (Goolboddi) Island Reef (No 5) (18-049e),2022,2023-04-29,2,East,null,0,5.4575,5.32,-0.1374999999999993,FALSE,FALSE,FALSE,1,exact_reef_name,146.49836891468513,-18.593317615286683
4137941,18-049e,Orpheus (Goolboddi) Island Reef (No 5) (18-049e),2022,2023-04-29,5,East,null,0,5.4575,5.32,-0.1374999999999993,FALSE,FALSE,FALSE,1,exact_reef_name,146.49836891468513,-18.593317615286683
4137924,18-049e,Orpheus (Goolboddi) Island Reef (No 5) (18-049e),2024,2024-05-31,2,East,null,0.33651069129053574,5.53,5.37,-0.16000000000000014,FALSE,FALSE,FALSE,1,exact_reef_name,146.49836891468513,-18.593317615286683
4137940,18-049e,Orpheus (Goolboddi) Island Reef (No 5) (18-049e),2024,2024-05-31,5,East,null,0.23408438029879564,5.53,5.37,-0.16000000000000014,FALSE,FALSE,FALSE,1,exact_reef_name,146.49836891468513,-18.593317615286683
4164846,17-009a,Tobias Spit (17-009a),2024,2024-06-15,2,East,null,0.5493500371623812,6.32,6.32,0,FALSE,FALSE,FALSE,1,exact_reef_name,146.01023419855662,-17.157879486729655
4164863,17-009a,Tobias Spit (17-009a),2024,2024-06-15,2,West,null,0,6.32,6.32,0,FALSE,FALSE,FALSE,1,exact_reef_name,146.01023419855662,-17.157879486729655
4164883,17-009a,Tobias Spit (17-009a),2024,2024-06-15,5,East,null,0.07674865937178825,6.32,6.32,0,FALSE,FALSE,FALSE,1,exact_reef_name,146.01023419855662,-17.157879486729655
4164900,17-009a,Tobias Spit (17-009a),2024,2024-06-15,5,West,null,0,6.32,6.32,0,FALSE,FALSE,FALSE,1,exact_reef_name,146.01023419855662,-17.157879486729655
4139904,20-028d,Hook Island Reef (No 4) (20-028d),2024,2024-07-16,2,_,null,0,6.826666667,6.61,-0.21666666699999926,FALSE,FALSE,FALSE,1,exact_reef_name,148.90341733208254,-20.15072927351901
4139918,20-028d,Hook Island Reef (No 4) (20-028d),2024,2024-07-16,5,_,null,0,6.826666667,6.61,-0.21666666699999926,FALSE,FALSE,FALSE,1,exact_reef_name,148.90341733208254,-20.15072927351901
4148236,18-065,Havannah Reef (18-065),2024,2024-06-01,2,South,null,0,6.92,6.92,0,FALSE,FALSE,FALSE,1,exact_reef_name,146.53756426233167,-18.843027253583003
4148253,18-065,Havannah Reef (18-065),2024,2024-06-01,5,South,null,0.0028424062617554992,6.92,6.92,0,FALSE,FALSE,FALSE,1,exact_reef_name,146.53756426233167,-18.843027253583003
4160180,16-006,Snapper Reef (16-006),2024,2024-06-04,2,North,null,0.6942901257684129,6.9,6.93,0.02999999999999936,FALSE,FALSE,FALSE,1,exact_reef_name,145.49964598918365,-16.29825950899472
4160201,16-006,Snapper Reef (16-006),2024,2024-06-05,2,South,null,1,6.9,6.93,0.02999999999999936,FALSE,FALSE,FALSE,1,exact_reef_name,145.49964598918365,-16.29825950899472
4160222,16-006,Snapper Reef (16-006),2024,2024-06-04,5,North,null,0,6.9,6.93,0.02999999999999936,FALSE,FALSE,FALSE,1,exact_reef_name,145.49964598918365,-16.29825950899472
4160243,16-006,Snapper Reef (16-006),2024,2024-06-05,5,South,null,1,6.9,6.93,0.02999999999999936,FALSE,FALSE,FALSE,1,exact_reef_name,145.49964598918365,-16.29825950899472
4142987,18-001,Richards (Bedarra) Reef (18-001),2017,2017-05-03,2,_,null,0.2223209532216766,7.455,7.35,-0.10500000000000043,FALSE,FALSE,FALSE,1,exact_reef_name,146.15190588458626,-18.00790179491856
4142998,18-001,Richards (Bedarra) Reef (18-001),2017,2017-05-03,5,_,null,0.026154636274166313,7.455,7.35,-0.10500000000000043,FALSE,FALSE,FALSE,1,exact_reef_name,146.15190588458626,-18.00790179491856
4167071,17-053,Stingaree Reefs (17-053),2017,2017-05-02,2,South,null,0.30941820249721835,7.55,7.390000000000001,-0.15999999999999925,FALSE,FALSE,FALSE,1,exact_reef_name,146.1511371492056,-17.95156984600971
4167088,17-053,Stingaree Reefs (17-053),2017,2017-05-02,5,South,null,0,7.55,7.390000000000001,-0.15999999999999925,FALSE,FALSE,FALSE,1,exact_reef_name,146.1511371492056,-17.95156984600971
4167104,17-053,Stingaree Reefs (17-053),2017,2017-08-07,2,North,null,0,7.55,7.390000000000001,-0.15999999999999925,FALSE,FALSE,FALSE,1,exact_reef_name,146.1511371492056,-17.95156984600971
4167123,17-053,Stingaree Reefs (17-053),2017,2017-08-07,5,North,null,0.05936106493632762,7.55,7.390000000000001,-0.15999999999999925,FALSE,FALSE,FALSE,1,exact_reef_name,146.1511371492056,-17.95156984600971
4148237,18-065,Havannah Reef (18-065),2022,2023-04-30,2,South,null,0,7.62,7.62,0,FALSE,FALSE,FALSE,1,exact_reef_name,146.53756426233167,-18.843027253583003
4148254,18-065,Havannah Reef (18-065),2022,2023-04-30,5,South,null,0,7.62,7.62,0,FALSE,FALSE,FALSE,1,exact_reef_name,146.53756426233167,-18.843027253583003
4150480,19-009c,Magnetic Island Reef (No 2) (19-009c),2017,2017-05-01,2,_,null,0.14609663248938115,7.8,7.8,0,FALSE,FALSE,FALSE,1,exact_reef_name,146.86457106870293,-19.15415809805399
4150500,19-009c,Magnetic Island Reef (No 2) (19-009c),2017,2017-05-01,5,_,null,0,7.8,7.8,0,FALSE,FALSE,FALSE,1,exact_reef_name,146.86457106870293,-19.15415809805399
4162774,16-054a,Fitzroy Island Reef (No 1) (16-054a),2024,2024-06-16,2,West,null,0.5242365308289569,7.74,7.82,0.08000000000000007,FALSE,FALSE,FALSE,1,exact_reef_name,145.99355800612125,-16.924983974038792
4162795,16-054a,Fitzroy Island Reef (No 1) (16-054a),2024,2024-06-16,5,West,null,0.07995491504811622,7.74,7.82,0.08000000000000007,FALSE,FALSE,FALSE,1,exact_reef_name,145.99355800612125,-16.924983974038792
4162816,16-054a,Fitzroy Island Reef (No 1) (16-054a),2024,2024-06-16,2,East,null,0.2690843862833956,7.74,7.82,0.08000000000000007,FALSE,FALSE,FALSE,1,exact_reef_name,145.99355800612125,-16.924983974038792
4162832,16-054a,Fitzroy Island Reef (No 1) (16-054a),2024,2024-06-16,5,East,null,0,7.74,7.82,0.08000000000000007,FALSE,FALSE,FALSE,1,exact_reef_name,145.99355800612125,-16.924983974038792
4145380,20-058a,Dent Reef (No 1) (20-058a),2024,2024-07-17,2,_,null,0,8.755,8.46,-0.29499999999999993,FALSE,FALSE,FALSE,1,exact_reef_name,148.9358179370671,-20.34912749997349
4145395,20-058a,Dent Reef (No 1) (20-058a),2024,2024-07-17,5,_,null,0,8.755,8.46,-0.29499999999999993,FALSE,FALSE,FALSE,1,exact_reef_name,148.9358179370671,-20.34912749997349
4141824,18-051,Pandora Reef (18-051),2017,2017-05-09,2,South,null,0.0829244067853294,8.52,8.52,0,FALSE,FALSE,FALSE,1,exact_reef_name,146.43372840534016,-18.812273249310245
4141843,18-051,Pandora Reef (18-051),2017,2017-05-09,5,South,null,0,8.52,8.52,0,FALSE,FALSE,FALSE,1,exact_reef_name,146.43372840534016,-18.812273249310245
4148243,18-065,Havannah Reef (18-065),2017,2017-05-09,2,South,null,0.32043253344777983,8.71,8.71,0,FALSE,FALSE,FALSE,1,exact_reef_name,146.53756426233167,-18.843027253583003
4148260,18-065,Havannah Reef (18-065),2017,2017-05-09,5,South,null,0.030102304650025995,8.71,8.71,0,FALSE,FALSE,FALSE,1,exact_reef_name,146.53756426233167,-18.843027253583003
4156652,20-035a,Daydream Reef (No 1) (20-035a),2024,2024-07-19,2,_,null,0,8.5,8.78,0.27999999999999936,FALSE,FALSE,FALSE,1,exact_reef_name,148.81378105274186,-20.253411629794943
4156671,20-035a,Daydream Reef (No 1) (20-035a),2024,2024-07-19,5,_,null,0,8.5,8.78,0.27999999999999936,FALSE,FALSE,FALSE,1,exact_reef_name,148.81378105274186,-20.253411629794943
4147249,17-043a,Jessie-Kent Reef (17-043a),2017,2017-05-02,2,_,null,0,8.87,8.870000000000001,1.7763568394002505e-15,FALSE,FALSE,FALSE,1,exact_reef_name,146.17663122704388,-17.674631088914335
4147265,17-043a,Jessie-Kent Reef (17-043a),2017,2017-05-02,5,_,null,0,8.87,8.870000000000001,1.7763568394002505e-15,FALSE,FALSE,FALSE,1,exact_reef_name,146.17663122704388,-17.674631088914335
4150474,19-009c,Magnetic Island Reef (No 2) (19-009c),2024,2024-06-05,2,_,null,0.3503963600443477,9.07,9.07,0,FALSE,FALSE,FALSE,1,exact_reef_name,146.86457106870293,-19.15415809805399
4150494,19-009c,Magnetic Island Reef (No 2) (19-009c),2024,2024-06-05,5,_,null,0.20057757443419322,9.07,9.07,0,FALSE,FALSE,FALSE,1,exact_reef_name,146.86457106870293,-19.15415809805399
4151714,20-061,Pine Island Reef (20-061),2024,2024-07-18,2,_,null,0,9.17,9.17,0,FALSE,FALSE,FALSE,1,exact_reef_name,148.88637145659553,-20.375268373202736
4151734,20-061,Pine Island Reef (20-061),2024,2024-07-18,5,_,null,0,9.17,9.17,0,FALSE,FALSE,FALSE,1,exact_reef_name,148.88637145659553,-20.375268373202736
4152963,18-048,Pelorus (North Palm or Yanooa) Reef (18-048),2017,2017-05-10,5,West,null,0.08530908515297586,9.295,9.28,-0.015000000000000568,FALSE,FALSE,FALSE,1,exact_reef_name,146.48891283250936,-18.55645243517304
4152984,18-048,Pelorus (North Palm or Yanooa) Reef (18-048),2017,2017-05-10,2,West,null,0.2460548840663221,9.295,9.28,-0.015000000000000568,FALSE,FALSE,FALSE,1,exact_reef_name,146.48891283250936,-18.55645243517304
4146310,20-095,Seaforth Reef (20-095),2024,2024-07-17,2,_,null,0.015026046394532625,9.47,9.47,0,FALSE,FALSE,FALSE,1,exact_reef_name,149.0357914228941,-20.46988196483317
4146325,20-095,Seaforth Reef (20-095),2024,2024-07-17,5,_,null,0,9.47,9.47,0,FALSE,FALSE,FALSE,1,exact_reef_name,149.0357914228941,-20.46988196483317
4157871,17-012,Normanby-Mabel Reef (17-012),2017,2017-08-06,5,East,null,0.2364956261642967,10.66,10.66,0,FALSE,FALSE,FALSE,1,exact_reef_name,146.07714949709091,-17.209503323577866
4157907,17-012,Normanby-Mabel Reef (17-012),2017,2017-08-06,2,East,null,0.060872208072299996,10.66,10.66,0,FALSE,FALSE,FALSE,1,exact_reef_name,146.07714949709091,-17.209503323577866
4157887,17-013,Round-Russell Reef (17-013),2017,2017-08-06,5,West,null,0.18580387067146528,10.66,10.66,0,FALSE,FALSE,FALSE,1,exact_reef_name,146.09152909527376,-17.22398606246051
4157923,17-013,Round-Russell Reef (17-013),2017,2017-08-06,2,West,null,0.14352290229950315,10.66,10.66,0,FALSE,FALSE,FALSE,1,exact_reef_name,146.09152909527376,-17.22398606246051
4162781,16-054a,Fitzroy Island Reef (No 1) (16-054a),2017,2017-06-26,2,West,null,0.17401839167775307,10.63,10.69,0.05999999999999872,FALSE,FALSE,FALSE,1,exact_reef_name,145.99355800612125,-16.924983974038792
4162802,16-054a,Fitzroy Island Reef (No 1) (16-054a),2017,2017-06-26,5,West,null,0.20422237466329746,10.63,10.69,0.05999999999999872,FALSE,FALSE,FALSE,1,exact_reef_name,145.99355800612125,-16.924983974038792
4164853,17-009a,Tobias Spit (17-009a),2017,2017-06-25,2,East,null,0.2342679928412739,11.03,11.03,0,FALSE,FALSE,FALSE,1,exact_reef_name,146.01023419855662,-17.157879486729655
4164870,17-009a,Tobias Spit (17-009a),2017,2017-06-25,2,West,null,0.14872477184050006,11.03,11.03,0,FALSE,FALSE,FALSE,1,exact_reef_name,146.01023419855662,-17.157879486729655
4164890,17-009a,Tobias Spit (17-009a),2017,2017-06-25,5,East,null,0.056060783218231644,11.03,11.03,0,FALSE,FALSE,FALSE,1,exact_reef_name,146.01023419855662,-17.157879486729655
4164907,17-009a,Tobias Spit (17-009a),2017,2017-06-25,5,West,null,0.2341486231112693,11.03,11.03,0,FALSE,FALSE,FALSE,1,exact_reef_name,146.01023419855662,-17.157879486729655
4140753,22-009,Barren Island Reef (22-009),2024,2025-04-20,2,_,null,0.17115624670633436,11.06,11.06,0,FALSE,FALSE,FALSE,1,exact_reef_name,149.97019405525165,-22.03235881514772
4140754,22-009,Barren Island Reef (22-009),2024,2024-05-12,2,_,null,0.5607580187998068,11.06,11.06,0,FALSE,FALSE,FALSE,1,exact_reef_name,149.97019405525165,-22.03235881514772
4140772,22-009,Barren Island Reef (22-009),2024,2025-04-20,5,_,null,0.2354543608301246,11.06,11.06,0,FALSE,FALSE,FALSE,1,exact_reef_name,149.97019405525165,-22.03235881514772
4140773,22-009,Barren Island Reef (22-009),2024,2024-05-12,5,_,null,0.1182622800359385,11.06,11.06,0,FALSE,FALSE,FALSE,1,exact_reef_name,149.97019405525165,-22.03235881514772
4160187,16-006,Snapper Reef (16-006),2017,2017-09-04,2,North,null,0.3952502752197531,11.6775,11.65,-0.027499999999999858,FALSE,FALSE,FALSE,1,exact_reef_name,145.49964598918365,-16.29825950899472
4160208,16-006,Snapper Reef (16-006),2017,2017-09-05,2,South,null,0,11.6775,11.65,-0.027499999999999858,FALSE,FALSE,FALSE,1,exact_reef_name,145.49964598918365,-16.29825950899472
4160229,16-006,Snapper Reef (16-006),2017,2017-09-04,5,North,null,0.33227003419729356,11.6775,11.65,-0.027499999999999858,FALSE,FALSE,FALSE,1,exact_reef_name,145.49964598918365,-16.29825950899472
4160250,16-006,Snapper Reef (16-006),2017,2017-09-05,5,South,null,0,11.6775,11.65,-0.027499999999999858,FALSE,FALSE,FALSE,1,exact_reef_name,145.49964598918365,-16.29825950899472
4138915,23-010,Middle (Ba-la-ba) Island Reef (23-010),2024,2025-04-21,2,_,null,0.48766349684223503,12.23,12.23,0,FALSE,FALSE,FALSE,1,exact_reef_name,150.9157613859647,-23.16776570796188
4138916,23-010,Middle (Ba-la-ba) Island Reef (23-010),2024,2024-05-11,2,_,null,0.5143849272933385,12.23,12.23,0,FALSE,FALSE,FALSE,1,exact_reef_name,150.9157613859647,-23.16776570796188
4138931,23-010,Middle (Ba-la-ba) Island Reef (23-010),2024,2025-04-21,5,_,null,0.28856582591991914,12.23,12.23,0,FALSE,FALSE,FALSE,1,exact_reef_name,150.9157613859647,-23.16776570796188
4138932,23-010,Middle (Ba-la-ba) Island Reef (23-010),2024,2024-05-11,5,_,null,0.41195017565191666,12.23,12.23,0,FALSE,FALSE,FALSE,1,exact_reef_name,150.9157613859647,-23.16776570796188
4143649,23-004b,North Keppel (Ko-no-mie) Island Reef (No 2) (23-004b),2024,2025-04-21,2,_,null,0.649764667289415,12.135,12.41,0.27500000000000036,FALSE,FALSE,FALSE,1,reef_id_fallback,150.89289200427064,-23.08244185620352
4143650,23-004b,North Keppel (Ko-no-mie) Island Reef (No 2) (23-004b),2024,2024-05-12,2,_,null,0.6322997657703442,12.135,12.41,0.27500000000000036,FALSE,FALSE,FALSE,1,reef_id_fallback,150.89289200427064,-23.08244185620352
4143665,23-004b,North Keppel (Ko-no-mie) Island Reef (No 2) (23-004b),2024,2025-04-21,5,_,null,0.2382175190368768,12.135,12.41,0.27500000000000036,FALSE,FALSE,FALSE,1,reef_id_fallback,150.89289200427064,-23.08244185620352
4143666,23-004b,North Keppel (Ko-no-mie) Island Reef (No 2) (23-004b),2024,2024-05-12,5,_,null,0.25663674359498084,12.135,12.41,0.27500000000000036,FALSE,FALSE,FALSE,1,reef_id_fallback,150.89289200427064,-23.08244185620352
4155453,23-016,Humpy (Bur-ye-Bur-ye) Reef (23-016),2024,2025-04-21,2,_,null,0.6554932597858075,12.47,12.47,0,FALSE,FALSE,FALSE,1,exact_reef_name,150.96767608210962,-23.211159371709183
4155454,23-016,Humpy (Bur-ye-Bur-ye) Reef (23-016),2024,2024-05-12,2,_,null,0.5371587878089377,12.47,12.47,0,FALSE,FALSE,FALSE,1,exact_reef_name,150.96767608210962,-23.211159371709183
4155473,23-016,Humpy (Bur-ye-Bur-ye) Reef (23-016),2024,2025-04-21,5,_,null,0.5474064906348262,12.47,12.47,0,FALSE,FALSE,FALSE,1,exact_reef_name,150.96767608210962,-23.211159371709183
4155474,23-016,Humpy (Bur-ye-Bur-ye) Reef (23-016),2024,2024-05-12,5,_,null,0.5048925612238839,12.47,12.47,0,FALSE,FALSE,FALSE,1,exact_reef_name,150.96767608210962,-23.211159371709183
4149293,23-017,Pelican Island Reef (23-017),2024,2025-04-22,2,_,null,0,13.26,13.26,0,FALSE,FALSE,FALSE,1,exact_reef_name,150.87335668714215,-23.243117567095407
4149294,23-017,Pelican Island Reef (23-017),2024,2024-05-14,2,_,null,0.40807202558722055,13.26,13.26,0,FALSE,FALSE,FALSE,1,exact_reef_name,150.87335668714215,-23.243117567095407
4149312,23-017,Pelican Island Reef (23-017),2024,2025-04-22,5,_,null,0.02301944253341331,13.26,13.26,0,FALSE,FALSE,FALSE,1,exact_reef_name,150.87335668714215,-23.243117567095407
4149313,23-017,Pelican Island Reef (23-017),2024,2024-05-14,5,_,null,0.018577819728650656,13.26,13.26,0,FALSE,FALSE,FALSE,1,exact_reef_name,150.87335668714215,-23.243117567095407
