feature_1,feature_2,spearman_rho
ann_maxdhw,ann_maxdhw,0.9999999999999999
ann_maxdhw,dhw10_load4,0.07869493468305862
ann_maxdhw,dhw_novelty10,0.5460546245198141
ann_maxdhw,secc3m_p10,-0.09037798731560823
ann_maxdhw,cloudp_90,0.14077591336375997
ann_maxdhw,sst_summer_skewness,0.013919178399576734
ann_maxdhw,sst_summer_excess_kurtosis,-0.22158353569027026
ann_maxdhw,chla_wetseason_median,0.10264513774893629
ann_maxdhw,sst_prevyear_skewness,0.27207301297248826
ann_maxdhw,sst_prevyear_excess_kurtosis,0.05232957956235504
dhw10_load4,ann_maxdhw,0.07869493468305862
dhw10_load4,dhw10_load4,0.9999999999999999
dhw10_load4,dhw_novelty10,-0.7252283982944788
dhw10_load4,secc3m_p10,-0.05933035703356285
dhw10_load4,cloudp_90,0.7283896972825427
dhw10_load4,sst_summer_skewness,-0.31703401695065037
dhw10_load4,sst_summer_excess_kurtosis,0.28522325013588484
dhw10_load4,chla_wetseason_median,0.09307101408870165
dhw10_load4,sst_prevyear_skewness,0.14959915250113573
dhw10_load4,sst_prevyear_excess_kurtosis,-0.4562350757161808
dhw_novelty10,ann_maxdhw,0.5460546245198141
dhw_novelty10,dhw10_load4,-0.7252283982944788
dhw_novelty10,dhw_novelty10,1
dhw_novelty10,secc3m_p10,0.04369256027513788
dhw_novelty10,cloudp_90,-0.5202538462116704
dhw_novelty10,sst_summer_skewness,0.24796684901379645
dhw_novelty10,sst_summer_excess_kurtosis,-0.34950304284096934
dhw_novelty10,chla_wetseason_median,-0.04246497782196091
dhw_novelty10,sst_prevyear_skewness,0.12206903301777153
dhw_novelty10,sst_prevyear_excess_kurtosis,0.3801054863342696
secc3m_p10,ann_maxdhw,-0.09037798731560823
secc3m_p10,dhw10_load4,-0.05933035703356285
secc3m_p10,dhw_novelty10,0.04369256027513788
secc3m_p10,secc3m_p10,0.9999999999999999
secc3m_p10,cloudp_90,-0.14048427281833975
secc3m_p10,sst_summer_skewness,0.06555304600812822
secc3m_p10,sst_summer_excess_kurtosis,-0.07688820475727004
secc3m_p10,chla_wetseason_median,-0.902969013626858
secc3m_p10,sst_prevyear_skewness,-0.02487047993283202
secc3m_p10,sst_prevyear_excess_kurtosis,0.14898222290606386
cloudp_90,ann_maxdhw,0.14077591336375997
cloudp_90,dhw10_load4,0.7283896972825427
cloudp_90,dhw_novelty10,-0.5202538462116704
cloudp_90,secc3m_p10,-0.14048427281833975
cloudp_90,cloudp_90,0.9999999999999999
cloudp_90,sst_summer_skewness,-0.37699701927424834
cloudp_90,sst_summer_excess_kurtosis,0.288248382392526
cloudp_90,chla_wetseason_median,0.14364176070263845
cloudp_90,sst_prevyear_skewness,0.10140591861695346
cloudp_90,sst_prevyear_excess_kurtosis,-0.1918468685321136
sst_summer_skewness,ann_maxdhw,0.013919178399576734
sst_summer_skewness,dhw10_load4,-0.31703401695065037
sst_summer_skewness,dhw_novelty10,0.24796684901379645
sst_summer_skewness,secc3m_p10,0.06555304600812822
sst_summer_skewness,cloudp_90,-0.37699701927424834
sst_summer_skewness,sst_summer_skewness,1
sst_summer_skewness,sst_summer_excess_kurtosis,-0.8041078179381216
sst_summer_skewness,chla_wetseason_median,-0.06660971008851307
sst_summer_skewness,sst_prevyear_skewness,-0.24101568844798063
sst_summer_skewness,sst_prevyear_excess_kurtosis,0.3700023527092423
sst_summer_excess_kurtosis,ann_maxdhw,-0.22158353569027026
sst_summer_excess_kurtosis,dhw10_load4,0.28522325013588484
sst_summer_excess_kurtosis,dhw_novelty10,-0.34950304284096934
sst_summer_excess_kurtosis,secc3m_p10,-0.07688820475727004
sst_summer_excess_kurtosis,cloudp_90,0.288248382392526
sst_summer_excess_kurtosis,sst_summer_skewness,-0.8041078179381216
sst_summer_excess_kurtosis,sst_summer_excess_kurtosis,1
sst_summer_excess_kurtosis,chla_wetseason_median,0.06418020509056652
sst_summer_excess_kurtosis,sst_prevyear_skewness,0.03449051600896199
sst_summer_excess_kurtosis,sst_prevyear_excess_kurtosis,-0.3863693356742635
chla_wetseason_median,ann_maxdhw,0.10264513774893629
chla_wetseason_median,dhw10_load4,0.09307101408870165
chla_wetseason_median,dhw_novelty10,-0.04246497782196091
chla_wetseason_median,secc3m_p10,-0.902969013626858
chla_wetseason_median,cloudp_90,0.14364176070263845
chla_wetseason_median,sst_summer_skewness,-0.06660971008851307
chla_wetseason_median,sst_summer_excess_kurtosis,0.06418020509056652
chla_wetseason_median,chla_wetseason_median,1
chla_wetseason_median,sst_prevyear_skewness,0.060575198152846045
chla_wetseason_median,sst_prevyear_excess_kurtosis,-0.24847618809418737
sst_prevyear_skewness,ann_maxdhw,0.27207301297248826
sst_prevyear_skewness,dhw10_load4,0.14959915250113573
sst_prevyear_skewness,dhw_novelty10,0.12206903301777153
sst_prevyear_skewness,secc3m_p10,-0.02487047993283202
sst_prevyear_skewness,cloudp_90,0.10140591861695346
sst_prevyear_skewness,sst_summer_skewness,-0.24101568844798063
sst_prevyear_skewness,sst_summer_excess_kurtosis,0.03449051600896199
sst_prevyear_skewness,chla_wetseason_median,0.060575198152846045
sst_prevyear_skewness,sst_prevyear_skewness,1
sst_prevyear_skewness,sst_prevyear_excess_kurtosis,-0.2851201524580387
sst_prevyear_excess_kurtosis,ann_maxdhw,0.05232957956235504
sst_prevyear_excess_kurtosis,dhw10_load4,-0.4562350757161808
sst_prevyear_excess_kurtosis,dhw_novelty10,0.3801054863342696
sst_prevyear_excess_kurtosis,secc3m_p10,0.14898222290606386
sst_prevyear_excess_kurtosis,cloudp_90,-0.1918468685321136
sst_prevyear_excess_kurtosis,sst_summer_skewness,0.3700023527092423
sst_prevyear_excess_kurtosis,sst_summer_excess_kurtosis,-0.3863693356742635
sst_prevyear_excess_kurtosis,chla_wetseason_median,-0.24847618809418737
sst_prevyear_excess_kurtosis,sst_prevyear_skewness,-0.2851201524580387
sst_prevyear_excess_kurtosis,sst_prevyear_excess_kurtosis,1
