programme_key,source_observation_id,ReefID,ReefName,event_year,region_block,observed_mortality,scheme,fold,learner,predicted_occurrence,predicted_positive_loss,predicted_mortality,prediction_q05,prediction_q50,prediction_q95,ann_maxdhw,prop_acropora_pre,acropora_cover_pre,observed_pre_cover,post_cover,DISTURBANCE_TYPE,description,lon,lat,era5_grid_lat,era5_grid_lon,residual,absolute_error,severe_observed,low_thermal_stress,era5_coastal_rain_max_30day,era5_coastal_rain_q1,era5_coastal_distance_km,era5_wind_mean,era5_wind_calm_fraction,freshwater_risk30_percentile,partial_ereefs_flood30,partial_ereefs_salinity_min,roni_djf,roni_jfm,roni_fma,roni_bleaching_summer_mean,roni_bleaching_summer_max_abs,enso_phase,enso_strength,enso_category,soi_dec_mar_mean,soi_dec_mar_min,soi_dec_mar_max,soi_phase,enso_ocean_atmosphere_state,calibration_residual_q05,calibration_residual_q95,calibration_absolute_error_q90,residual_outlier,outlier_direction,severe_2024_underprediction,low_dhw_overprediction,models_underestimating,models_overestimating,brms_residual,brt_residual,formal_ensemble_residual,core_model_consensus,n_flagged_observations
mmp,4160243,16-006,Snapper Reef (16-006),2024,Central GBR,1,leave_one_event_out,2024,formal_ensemble,0.2679199556500562,0.5485293521222118,0.08912507074518859,NA,NA,NA,6.93,0.13825214405281794,0.08004514775043838,0.5789794313776275,0,m,NA,145.49964598918365,-16.29825950899472,-16.25,145.5,0.9108749292548114,0.9108749292548114,TRUE,FALSE,907.8392848968506,1647.2269287109375,26.688203488870816,3.162578821182251,0.5164835164835165,0.9161046668465066,FALSE,33.394615173339844,1.13,0.78,0.42,0.7766666666666667,1.13,El Nino,Weak,Weak El Nino,-2.9,-12.6,3.7,Neutral/mixed,mixed,-0.18555161079066868,0.15709039788513546,0.17867110390792107,TRUE,underestimated,TRUE,FALSE,3,0,0.8997980658945015,0.9310374290956087,0.9108749292548114,all_three_underestimate,3
manta,4285399,14-126,Linnet Reef (14-126),2024,Northern GBR,0.7147170912272767,leave_one_event_out,2024,formal_ensemble,0.23216775997543823,0.3182173510834929,0.07413227089939273,NA,NA,NA,6.73,0.6343256027311654,0.27139464559097315,0.4278475351183221,0.12205758932979481,b,DHW 6.73,145.34444189048963,-14.786651761714165,-14.75,145.25,0.6405848203278839,0.6405848203278839,TRUE,FALSE,781.2640609741211,1286.718994140625,27.798770058382857,5.099393844604492,0.2307692307692308,0.655786350148368,FALSE,34.05950927734375,1.13,0.78,0.42,0.7766666666666667,1.13,El Nino,Weak,Weak El Nino,-2.9,-12.6,3.7,Neutral/mixed,mixed,-0.12479317298143155,0.18607183963182342,0.13737206119287007,TRUE,underestimated,TRUE,FALSE,3,0,0.6405848203278839,0.6756759500859895,0.6405848203278839,all_three_underestimate,1
manta,4206192,16-015,Mackay Reef (16-015),2024,Central GBR,0.6125403307582871,leave_one_event_out,2024,formal_ensemble,0.2230992127630279,0.24139150304995888,0.05413735678145529,NA,NA,NA,3.52,0.42204831685259386,0.17942124909687818,0.4251201626271228,0.1647169175994882,NA,NA,145.64700003851115,-16.04948056127974,-16,145.75,0.5584029739768318,0.5584029739768318,TRUE,TRUE,789.3167657852173,1386.613037109375,53.443772818368494,5.55191707611084,0.15384615384615383,0.8071216617210683,FALSE,32.90727996826172,1.13,0.78,0.42,0.7766666666666667,1.13,El Nino,Weak,Weak El Nino,-2.9,-12.6,3.7,Neutral/mixed,mixed,-0.12479317298143155,0.18607183963182342,0.13737206119287007,TRUE,underestimated,TRUE,FALSE,3,0,0.5584029739768318,0.56255338287117,0.5584029739768318,all_three_underestimate,1
mmp,4143649,23-004b,North Keppel (Ko-no-mie) Island Reef (No 2) (23-004b),2024,Southern GBR,0.649764667289415,leave_one_event_out,2024,formal_ensemble,0.353911110870481,0.42411897588765735,0.1005682971906965,NA,NA,NA,12.41,0.9702392451266665,0.17267366591673877,0.17797019321167112,0.06233144983205673,b,further decline as a result of bleaching in 2024,150.89289200427064,-23.08244185620352,-23,151,0.5491963700987185,0.5491963700987185,TRUE,FALSE,210.64209747314453,373.8229370117187,25.58889965967512,7.717053890228272,0,0.892096034529269,FALSE,35.743186950683594,1.13,0.78,0.42,0.7766666666666667,1.13,El Nino,Weak,Weak El Nino,-2.9,-12.6,3.7,Neutral/mixed,mixed,-0.18555161079066868,0.15709039788513546,0.17867110390792107,TRUE,underestimated,TRUE,FALSE,3,0,0.5529994187354168,0.5422739259881656,0.5491963700987185,all_three_underestimate,3
mmp,4155453,23-016,Humpy (Bur-ye-Bur-ye) Reef (23-016),2024,Southern GBR,0.6554932597858075,leave_one_event_out,2024,formal_ensemble,0.3739343030843827,0.40477024743536455,0.10779921984251269,NA,NA,NA,12.47,0.7075329405300055,0.16271384923899923,0.22997353185720512,0.07922743179567049,b,further decline as a result of bleaching in 2024,150.96767608210962,-23.211159371709183,-23.25,151,0.5476940399432948,0.5476940399432948,TRUE,FALSE,232.95414543151855,350.21923828125,25.541262425425487,7.59745454788208,0,0.8942541138386836,FALSE,35.69662857055664,1.13,0.78,0.42,0.7766666666666667,1.13,El Nino,Weak,Weak El Nino,-2.9,-12.6,3.7,Neutral/mixed,mixed,-0.18555161079066868,0.15709039788513546,0.17867110390792107,TRUE,underestimated,TRUE,FALSE,3,0,0.5426720847260398,0.5568351810745659,0.5476940399432948,all_three_underestimate,4
manta,3988617,14-118,Eyrie Reef (14-118),2024,Northern GBR,0.5256729155551548,leave_one_event_out,2024,formal_ensemble,0.21990052611318467,0.2289796931669632,0.05058978675776551,NA,NA,NA,6.2700000000000005,0.5154641976894707,0.16509833594708956,0.32029059765378537,0.15192250536021698,b,DHW 6.27 to 6.32,145.37925767245596,-14.71066015574954,-14.75,145.5,0.47508312879738934,0.47508312879738934,TRUE,FALSE,781.2640609741211,1286.718994140625,38.660259476645,5.6041412353515625,0.1978021978021978,0.6528189910979229,FALSE,34.010250091552734,1.13,0.78,0.42,0.7766666666666667,1.13,El Nino,Weak,Weak El Nino,-2.9,-12.6,3.7,Neutral/mixed,mixed,-0.12479317298143155,0.18607183963182342,0.13737206119287007,TRUE,underestimated,TRUE,FALSE,3,0,0.47508312879738934,0.48099864969675915,0.47508312879738934,all_three_underestimate,1
mmp,4164846,17-009a,Tobias Spit (17-009a),2024,Central GBR,0.5493500371623812,leave_one_event_out,2024,formal_ensemble,0.29023554648577854,0.5379891983191091,0.1049386638649547,NA,NA,NA,6.32,0.2715440227550341,0.0964744183471445,0.3552809499113012,0.1601073468744418,m,clear depth limit to level of mortality,146.01023419855662,-17.157879486729655,-17.25,146,0.44441137329742647,0.44441137329742647,TRUE,FALSE,938.5236463546752,1618.6556396484375,26.548377985167942,2.7769243717193604,0.6153846153846154,0.939034259509037,FALSE,33.05894470214844,1.13,0.78,0.42,0.7766666666666667,1.13,El Nino,Weak,Weak El Nino,-2.9,-12.6,3.7,Neutral/mixed,mixed,-0.18555161079066868,0.15709039788513546,0.17867110390792107,TRUE,underestimated,TRUE,FALSE,3,0,0.42621891957882413,0.47752592326283916,0.44441137329742647,all_three_underestimate,1
manta,4285515,14-116a,Lizard Island Reef (North West) (14-116a),2024,Northern GBR,0.4615802349862708,leave_one_event_out,2024,formal_ensemble,0.21297654274408792,0.17417218585130403,0.03750792880318186,NA,NA,NA,6.2700000000000005,0.14877724148928995,0.03173861703848273,0.2133297856632696,0.11486097306724684,b,DHW 6.27  aerial bl 4,145.4469435693518,-14.65856501038236,-14.75,145.5,0.42407230618308894,0.42407230618308894,TRUE,FALSE,781.2640609741211,1286.718994140625,38.660259476645,5.6041412353515625,0.1978021978021978,0.6536282708389534,FALSE,33.98640060424805,1.13,0.78,0.42,0.7766666666666667,1.13,El Nino,Weak,Weak El Nino,-2.9,-12.6,3.7,Neutral/mixed,mixed,-0.12479317298143155,0.18607183963182342,0.13737206119287007,TRUE,underestimated,TRUE,FALSE,3,0,0.42407230618308894,0.4450583001737745,0.42407230618308894,all_three_underestimate,1
mmp,4162774,16-054a,Fitzroy Island Reef (No 1) (16-054a),2024,Central GBR,0.5242365308289569,leave_one_event_out,2024,formal_ensemble,0.2860880055018239,0.5646298363208923,0.1144082261889816,NA,NA,NA,7.82,0.589862940713534,0.2720511369614646,0.4612107630161933,0.21942723263160793,b,partial bleaching during bleaching surveys Feb24,145.99355800612125,-16.924983974038792,-17,146,0.4098283046399753,0.4098283046399753,TRUE,FALSE,1071.3213739395142,1475.3450927734375,26.584094214082956,4.643918514251709,0.2087912087912088,0.9179929862422443,FALSE,32.93355941772461,1.13,0.78,0.42,0.7766666666666667,1.13,El Nino,Weak,Weak El Nino,-2.9,-12.6,3.7,Neutral/mixed,mixed,-0.18555161079066868,0.15709039788513546,0.17867110390792107,TRUE,underestimated,TRUE,FALSE,3,0,0.3901202333092386,0.44570163557698206,0.4098283046399753,all_three_underestimate,2
mmp,4138916,23-010,Middle (Ba-la-ba) Island Reef (23-010),2024,Southern GBR,0.5143849272933385,leave_one_event_out,2024,formal_ensemble,0.3658005690195021,0.4325053557699109,0.10762112993249282,NA,NA,NA,12.23,0.7664047472610901,0.14857534991019944,0.19386016389011806,0.094141417582425,b,bleaching still evident at time of surveys,150.9157613859647,-23.167765707961873,-23.25,151,0.40676379736084567,0.40676379736084567,TRUE,FALSE,232.95414543151855,350.21923828125,25.541262425425487,7.59745454788208,0,0.8923657944429457,FALSE,35.67900085449219,1.13,0.78,0.42,0.7766666666666667,1.13,El Nino,Weak,Weak El Nino,-2.9,-12.6,3.7,Neutral/mixed,mixed,-0.18555161079066868,0.15709039788513546,0.17867110390792107,TRUE,underestimated,TRUE,FALSE,3,0,0.40323961375917844,0.4131786414368467,0.40676379736084567,all_three_underestimate,4
mmp,4140754,22-009,Barren Island Reef (22-009),2024,Southern GBR,0.5607580187998068,leave_one_event_out,2024,formal_ensemble,0.43137714851021,0.5218612123906965,0.16045722274547974,NA,NA,NA,11.06,0.8432966093606045,0.4989419780288344,0.5916565683895456,0.2598804032895316,b,bleaching still evident at time of surveys,149.97019405525165,-22.032358815147717,-22,150,0.40030079605432706,0.40030079605432706,TRUE,FALSE,123.38376045227052,253.0176696777344,27.798770058383468,7.690150737762451,0.01098901098901099,0.5203668734826005,FALSE,35.977664947509766,1.13,0.78,0.42,0.7766666666666667,1.13,El Nino,Weak,Weak El Nino,-2.9,-12.6,3.7,Neutral/mixed,mixed,-0.18555161079066868,0.15709039788513546,0.17867110390792107,TRUE,underestimated,TRUE,FALSE,3,0,0.3831393206113771,0.431538722769769,0.40030079605432706,all_three_underestimate,1
manta,4206246,16-057,Hastings Reef (16-057),2024,Central GBR,0.4288792674978628,leave_one_event_out,2024,formal_ensemble,0.2357742854460084,0.20622287965259276,0.04870450085494508,NA,NA,NA,7.62,0.1802122772005963,0.04822095477247424,0.2675786329407455,0.15281970484703908,m,Jasper,146.0081313424477,-16.51843569001036,-16.5,146,0.3801747666429177,0.3801747666429177,TRUE,FALSE,1032.7214097976685,1526.3555908203125,60.09013295337378,6.116461753845215,0.13186813186813187,0.8724035608308606,FALSE,33.16392517089844,1.13,0.78,0.42,0.7766666666666667,1.13,El Nino,Weak,Weak El Nino,-2.9,-12.6,3.7,Neutral/mixed,mixed,-0.12479317298143155,0.18607183963182342,0.13737206119287007,TRUE,underestimated,TRUE,FALSE,3,0,0.3801747666429177,0.4124751812276281,0.3801747666429177,all_three_underestimate,1
manta,4066635,21-187,U/N Reef (21-187),2024,Southern GBR,0.44183377601544943,leave_one_event_out,2024,formal_ensemble,0.7189907065435153,0.10370744615781312,0.0747950309690518,NA,NA,NA,7.25,0.3136770924524844,0.19594153923251914,0.6246600212356924,0.3486641253272356,b,decline following bleaching,151.6475044316221,-21.419421568687017,-21.5,151.75,0.36703874504639766,0.36703874504639766,TRUE,FALSE,154.7560691833496,300.556884765625,153.59663174270304,7.633310794830322,0.03296703296703297,0.2042082546533585,FALSE,35.41438293457031,1.13,0.78,0.42,0.7766666666666667,1.13,El Nino,Weak,Weak El Nino,-2.9,-12.6,3.7,Neutral/mixed,mixed,-0.12479317298143155,0.18607183963182342,0.13737206119287007,TRUE,underestimated,TRUE,FALSE,3,0,0.36703874504639766,0.3896686490130409,0.36703874504639766,all_three_underestimate,1
ltmp,4175199,14-126,Linnet Reef (14-126),2024,Northern GBR,0.4141783096477083,leave_one_event_out,2024,formal_ensemble,0.33615195570883394,0.15398257739048277,0.05173732935846345,NA,NA,NA,6.73,0.6343256027311654,0.20128834848947041,0.31732653959228374,0.18589676981759506,b,DHW 6.73,145.34444189048963,-14.786651761714165,-14.75,145.25,0.3624409802892449,0.3624409802892449,TRUE,FALSE,781.2640609741211,1286.718994140625,27.798770058382857,5.099393844604492,0.2307692307692308,0.655786350148368,FALSE,34.05950927734375,1.13,0.78,0.42,0.7766666666666667,1.13,El Nino,Weak,Weak El Nino,-2.9,-12.6,3.7,Neutral/mixed,mixed,-0.15950380402470377,0.2699073551050749,0.22790884186007535,TRUE,underestimated,TRUE,FALSE,3,0,0.3612791685676729,0.36419794242592135,0.3624409802892449,all_three_underestimate,1
manta,4206375,14-114,MacGillivray Reef (14-114),2024,Northern GBR,0.3889435143171571,leave_one_event_out,2024,formal_ensemble,0.20241477852128925,0.170225349671367,0.0349066722289604,NA,NA,NA,5.93,0.22238725883456137,0.10346802606231792,0.4652605846420815,0.28430049777813515,b,DHW 6.03,145.49102944815397,-14.651902052216371,-14.75,145.5,0.35403684208819675,0.35403684208819675,TRUE,FALSE,781.2640609741211,1286.718994140625,38.660259476645,5.6041412353515625,0.1978021978021978,0.6544375505799838,FALSE,33.931705474853516,1.13,0.78,0.42,0.7766666666666667,1.13,El Nino,Weak,Weak El Nino,-2.9,-12.6,3.7,Neutral/mixed,mixed,-0.12479317298143155,0.18607183963182342,0.13737206119287007,TRUE,underestimated,TRUE,FALSE,3,0,0.35403684208819675,0.35943006027284136,0.35403684208819675,all_three_underestimate,1
ltmp,4188168,23-048,Broomfield Reef (23-048),2024,Southern GBR,0.6883989417687074,leave_one_event_out,2024,formal_ensemble,0.5247356243268624,0.616930654873881,0.3349431754541422,NA,NA,NA,11.6,0.862233938344424,0.4958541898658517,0.5750808079045714,0.17919578831157115,m,Aerial bl 5 2024   DHW 11.6,151.94029893277445,-23.269515700866204,-23.25,152,0.3534557663145652,0.3534557663145652,TRUE,FALSE,199.7352838516235,299.32366943359375,94.55219552218418,7.902797222137451,0.03296703296703297,0.4847585648772592,FALSE,35.69420623779297,1.13,0.78,0.42,0.7766666666666667,1.13,El Nino,Weak,Weak El Nino,-2.9,-12.6,3.7,Neutral/mixed,mixed,-0.15950380402470377,0.2699073551050749,0.22790884186007535,TRUE,underestimated,TRUE,FALSE,2,0,0.23358039739917047,0.5347385683330429,0.3534557663145652,mixed_or_not_outlying,1
manta,4285333,14-016,Corbett Reef (14-016),2024,Northern GBR,0.41992308186246713,leave_one_event_out,2024,formal_ensemble,0.2107624523282369,0.34164293592476974,0.07258243506005814,NA,NA,NA,7.49,0.29881445006710233,0.09699426073592646,0.32459695544892575,0.1882912015536389,b,Aerial bl 3 2024 DHW 6.82,144.11610193663302,-13.979156602719598,-14,144,0.347340646802409,0.347340646802409,TRUE,FALSE,661.3247394561768,1307.870361328125,53.946045548395595,5.167435646057129,0.17582417582417584,0.2042082546533585,FALSE,34.31584167480469,1.13,0.78,0.42,0.7766666666666667,1.13,El Nino,Weak,Weak El Nino,-2.9,-12.6,3.7,Neutral/mixed,mixed,-0.12479317298143155,0.18607183963182342,0.13737206119287007,TRUE,underestimated,TRUE,FALSE,3,0,0.347340646802409,0.39110181788538956,0.347340646802409,all_three_underestimate,1
manta,4206349,16-028,Low Islands Reef (16-028),2024,Central GBR,0.4177050324727606,leave_one_event_out,2024,formal_ensemble,0.2400165748968073,0.32529329919697303,0.07925337008794317,NA,NA,NA,6.42,0.07365554786941506,0.037640928510575794,0.5110399637147486,0.29757599907640114,m,Jasper,145.56444350053593,-16.38615288788258,-16.5,145.5,0.3384516623848174,0.3384516623848174,TRUE,FALSE,992.1827220916748,1744.43310546875,26.65400763146825,2.825014591217041,0.6263736263736264,0.9188022659832747,FALSE,33.24208450317383,1.13,0.78,0.42,0.7766666666666667,1.13,El Nino,Weak,Weak El Nino,-2.9,-12.6,3.7,Neutral/mixed,mixed,-0.12479317298143155,0.18607183963182342,0.13737206119287007,TRUE,underestimated,TRUE,FALSE,3,0,0.3384516623848174,0.39266943261535386,0.3384516623848174,all_three_underestimate,1
manta,4285225,13-124,U/N Reef (13-124),2024,Northern GBR,0.38359369951258,leave_one_event_out,2024,formal_ensemble,0.19425059530335276,0.2681357572510432,0.05258432609534626,NA,NA,NA,7.65,0.1774292151097992,0.06992390785786463,0.3940946693282352,0.24292243716243056,b,DHW 7.65,144.07877450579335,-13.853092504859136,-13.75,144,0.33100937341723374,0.33100937341723374,TRUE,FALSE,775.6865081787109,1377.3187255859375,54.0042200125233,5.196862697601318,0.1868131868131868,0.2042082546533585,FALSE,34.57966613769531,1.13,0.78,0.42,0.7766666666666667,1.13,El Nino,Weak,Weak El Nino,-2.9,-12.6,3.7,Neutral/mixed,mixed,-0.12479317298143155,0.18607183963182342,0.13737206119287007,TRUE,underestimated,TRUE,FALSE,3,0,0.33100937341723374,0.36525193309642917,0.33100937341723374,all_three_underestimate,1
ltmp,4172974,14-123,Martin Reef (14-123),2024,Northern GBR,0.3676370188512778,leave_one_event_out,2024,formal_ensemble,0.3407101844849477,0.13920696385456188,0.04600876585438891,NA,NA,NA,6.4,0.5837078855804666,0.1222993702416064,0.20952153168187226,0.1324936603891952,b,no decline,145.3555305298971,-14.763141199289572,-14.75,145.25,0.3216282529968889,0.3216282529968889,TRUE,FALSE,781.2640609741211,1286.718994140625,27.798770058382857,5.099393844604492,0.2307692307692308,0.655786350148368,FALSE,34.05950927734375,1.13,0.78,0.42,0.7766666666666667,1.13,El Nino,Weak,Weak El Nino,-2.9,-12.6,3.7,Neutral/mixed,mixed,-0.15950380402470377,0.2699073551050749,0.22790884186007535,TRUE,underestimated,TRUE,FALSE,2,0,0.3244980291339269,0.3172884035015752,0.3216282529968889,mixed_or_not_outlying,1
manta,4066112,18-034,Myrmidon Reef (18-034),2024,Central GBR,0.3643114357676447,leave_one_event_out,2024,formal_ensemble,0.30645549655380583,0.14355664131089088,0.04368789945996029,NA,NA,NA,8.73,0.15606337630475434,0.07249821342314042,0.46454341268106875,0.2953049350308271,b,DHW 7.18,147.38424019474803,-18.26569861698359,-18.25,147.5,0.3206235363076844,0.3206235363076844,TRUE,FALSE,610.6231327056885,1465.7904052734375,132.00208142190922,6.501668930053711,0.04395604395604396,0.7936336660372268,FALSE,34.12358474731445,1.13,0.78,0.42,0.7766666666666667,1.13,El Nino,Weak,Weak El Nino,-2.9,-12.6,3.7,Neutral/mixed,mixed,-0.12479317298143155,0.18607183963182342,0.13737206119287007,TRUE,underestimated,TRUE,FALSE,3,0,0.3206235363076844,0.34467859797623007,0.3206235363076844,all_three_underestimate,1
ltmp,4187208,23-082a,Lady Musgrave Reef (23-082a),2024,Southern GBR,0.5425304381746469,leave_one_event_out,2024,formal_ensemble,0.5431356073612248,0.4410708723432629,0.24072820767212968,NA,NA,NA,11.12,0.9474516636293955,0.6000962055363586,0.6333792303847722,0.28975171899340113,m,b s 34% decline hc abs 55% decline rel,152.38720978391524,-23.901782109685243,-24,152.5,0.3018022305025172,0.3018022305025172,TRUE,FALSE,329.7765254974365,355.9987487792969,75.2376810282473,7.673856258392334,0.01098901098901099,0.6234151605071486,FALSE,35.578365325927734,1.13,0.78,0.42,0.7766666666666667,1.13,El Nino,Weak,Weak El Nino,-2.9,-12.6,3.7,Neutral/mixed,mixed,-0.15950380402470377,0.2699073551050749,0.22790884186007535,TRUE,underestimated,TRUE,FALSE,2,0,0.3082845348092684,0.291999296848201,0.3018022305025172,mixed_or_not_outlying,1
manta,3989168,21-529,U/N Reef (21-529),2024,Southern GBR,0.3674510897264907,leave_one_event_out,2024,formal_ensemble,0.7085236954482798,0.10844078749686116,0.07724444837151197,NA,NA,NA,7.19,0.38615538690823586,0.2506731206645066,0.6491509096157588,0.41061970048050556,b,Aerial bl 5 2024 DHW 7.19 2024,152.17295452767792,-21.86692734197882,-21.75,152.25,0.29020664135497876,0.29020664135497876,TRUE,FALSE,154.7560691833496,300.556884765625,188.7922667774775,7.627993583679199,0.04395604395604396,0.2042082546533585,FALSE,35.396629333496094,1.13,0.78,0.42,0.7766666666666667,1.13,El Nino,Weak,Weak El Nino,-2.9,-12.6,3.7,Neutral/mixed,mixed,-0.12479317298143155,0.18607183963182342,0.13737206119287007,TRUE,underestimated,TRUE,FALSE,3,0,0.29020664135497876,0.3440173785306309,0.29020664135497876,all_three_underestimate,1
manta,4206312,15-030,Swinger Reef (15-030),2024,Northern GBR,0.34618830788839955,leave_one_event_out,2024,formal_ensemble,0.26825473939003036,0.2446258288514928,0.06577310987947291,NA,NA,NA,3.87,0.16516947525043255,0.06772251051533118,0.41001831853403453,0.2680747706374903,b,DHW 3.87,145.53718849721838,-15.242245833854463,-15.25,145.5,0.28041519800892667,0.28041519800892667,TRUE,TRUE,841.4827585220337,1351.7950439453125,26.81989949840036,5.366098403930664,0.15384615384615383,0.7035338548691664,FALSE,33.144535064697266,1.13,0.78,0.42,0.7766666666666667,1.13,El Nino,Weak,Weak El Nino,-2.9,-12.6,3.7,Neutral/mixed,mixed,-0.12479317298143155,0.18607183963182342,0.13737206119287007,TRUE,underestimated,TRUE,FALSE,3,0,0.28041519800892667,0.3140884659070359,0.28041519800892667,all_three_underestimate,1
ltmp,4185533,23-055a,One Tree Island Reef (23-055a),2024,Southern GBR,0.7056209452888168,leave_one_event_out,2024,formal_ensemble,0.6302634944777252,0.6914042560901719,0.4273359329829808,NA,NA,NA,11.53,0.9167527148244318,0.5927458042116511,0.6465710923203194,0.19033698696083282,m,DHW 11,152.06113800817118,-23.495665723205924,-23.5,152,0.278285012305836,0.278285012305836,TRUE,FALSE,246.028302192688,266.0569152832031,75.37078298757997,7.843398094177246,0.02197802197802198,0.51955759374157,FALSE,35.683101654052734,1.13,0.78,0.42,0.7766666666666667,1.13,El Nino,Weak,Weak El Nino,-2.9,-12.6,3.7,Neutral/mixed,mixed,-0.15950380402470377,0.2699073551050749,0.22790884186007535,TRUE,underestimated,TRUE,FALSE,2,0,0.16562539704390444,0.44865571409212934,0.278285012305836,mixed_or_not_outlying,1
mmp,4149294,23-017,Pelican Island Reef (23-017),2024,Southern GBR,0.40807202558722055,leave_one_event_out,2024,formal_ensemble,0.4087660474143311,0.4908274318002457,0.14171554917197834,NA,NA,NA,13.26,0.13438736512389293,0.0091277122117146,0.06792091059527568,0.04020428702893302,b,bleaching still evident at time of surveys,150.87335668714215,-23.243117567095407,-23.25,150.75,0.2663564764152422,0.2663564764152422,TRUE,FALSE,232.95414543151855,350.21923828125,0,5.654933929443359,0.0989010989010989,0.948475856487726,FALSE,35.51191711425781,1.13,0.78,0.42,0.7766666666666667,1.13,El Nino,Weak,Weak El Nino,-2.9,-12.6,3.7,Neutral/mixed,mixed,-0.18555161079066868,0.15709039788513546,0.17867110390792107,TRUE,underestimated,TRUE,FALSE,3,0,0.25800601979553994,0.28155627393812344,0.2663564764152422,all_three_underestimate,1
mmp,4150474,19-009c,Magnetic Island Reef (No 2) (19-009c),2024,Central GBR,0.3503963600443477,leave_one_event_out,2024,formal_ensemble,0.25803653797857456,0.5819364152515528,0.09204166166938,NA,NA,NA,9.07,0.18275253450005705,0.049366986938946276,0.2701302451098475,0.1754775904854695,b,partial bleaching at time of surveys,146.86457106870293,-19.15415809805399,-19.25,146.75,0.2583546983749677,0.2583546983749677,TRUE,FALSE,443.0875797271729,785.013916015625,0,2.8266942501068115,0.6043956043956044,0.967089290531427,FALSE,34.645931243896484,1.13,0.78,0.42,0.7766666666666667,1.13,El Nino,Weak,Weak El Nino,-2.9,-12.6,3.7,Neutral/mixed,mixed,-0.18555161079066868,0.15709039788513546,0.17867110390792107,TRUE,underestimated,TRUE,FALSE,3,0,0.2477445738413002,0.2776676236374967,0.2583546983749677,all_three_underestimate,1
manta,4067168,21-025,Penrith Reef (21-025),2024,Southern GBR,0.4209413337751398,leave_one_event_out,2024,formal_ensemble,0.5600485594683264,0.32237037284064474,0.18203640387013872,NA,NA,NA,8.25,0.02455375498852522,0.00893353384660451,0.363835749390651,0.21068224376707284,NA,NA,149.89796025337944,-21.016671758859772,-21,150,0.2389049299050011,0.2389049299050011,TRUE,FALSE,222.71847534179688,484.2879638671875,95.56334639855292,7.600882530212402,0.01098901098901099,0.7159428108983005,FALSE,35.376121520996094,1.13,0.78,0.42,0.7766666666666667,1.13,El Nino,Weak,Weak El Nino,-2.9,-12.6,3.7,Neutral/mixed,mixed,-0.12479317298143155,0.18607183963182342,0.13737206119287007,TRUE,underestimated,TRUE,FALSE,3,0,0.2389049299050011,0.40391191842308843,0.2389049299050011,all_three_underestimate,1
manta,4284476,22-084,U/N Reef (22-084),2024,Southern GBR,0.2971606639822993,leave_one_event_out,2024,formal_ensemble,0.6102941982733886,0.1087758484114925,0.06643284235432173,NA,NA,NA,8.47,0.10148678379185999,0.015246024748307382,0.15022670123802098,0.10558523495026016,NA,NA,152.46497219253686,-21.99973451116542,-22,152.5,0.23072782162797756,0.23072782162797756,TRUE,FALSE,197.96442985534668,373.87298583984375,198.3246302201427,7.664971828460693,0.05494505494505494,0.2042082546533585,FALSE,35.39141082763672,1.13,0.78,0.42,0.7766666666666667,1.13,El Nino,Weak,Weak El Nino,-2.9,-12.6,3.7,Neutral/mixed,mixed,-0.12479317298143155,0.18607183963182342,0.13737206119287007,TRUE,underestimated,TRUE,FALSE,3,0,0.23072782162797756,0.29436623747869706,0.23072782162797756,all_three_underestimate,1
manta,4284760,23-082a,Lady Musgrave Reef (23-082a),2024,Southern GBR,0.3784926956594735,leave_one_event_out,2024,formal_ensemble,0.833695789726021,0.17591593105816608,0.14827898766927028,NA,NA,NA,11.12,0.9474516636293955,0.5986084348391078,0.6318089437365313,0.39267387347992694,m,Aerial bl 4 2024 DHW 11.42,152.38720978391524,-23.901782109685243,-24,152.5,0.23021370799020324,0.23021370799020324,TRUE,FALSE,329.7765254974365,355.9987487792969,75.2376810282473,7.673856258392334,0.01098901098901099,0.6234151605071486,FALSE,35.578365325927734,1.13,0.78,0.42,0.7766666666666667,1.13,El Nino,Weak,Weak El Nino,-2.9,-12.6,3.7,Neutral/mixed,mixed,-0.12479317298143155,0.18607183963182342,0.13737206119287007,TRUE,underestimated,TRUE,FALSE,3,0,0.23021370799020324,0.33128342686551965,0.23021370799020324,all_three_underestimate,1
manta,4284672,22-088a,U/N Reef (22-088a),2024,Southern GBR,0.3397865462448271,leave_one_event_out,2024,formal_ensemble,0.6377843259121204,0.17083035339152938,0.1096760543007564,NA,NA,NA,7.58,0.2864416104796866,0.08398907863544082,0.29321535546036537,0.1935847225225385,NA,NA,152.15774281044258,-22.025775523881837,-22,152.25,0.23011049194407074,0.23011049194407074,TRUE,FALSE,197.96442985534668,373.87298583984375,175.33603223489754,7.698933601379395,0.05494505494505494,0.2042082546533585,FALSE,35.4222526550293,1.13,0.78,0.42,0.7766666666666667,1.13,El Nino,Weak,Weak El Nino,-2.9,-12.6,3.7,Neutral/mixed,mixed,-0.12479317298143155,0.18607183963182342,0.13737206119287007,TRUE,underestimated,TRUE,FALSE,3,0,0.23011049194407074,0.31969887651702855,0.23011049194407074,all_three_underestimate,1
manta,4285298,12-056,Mantis Reef (12-056),2024,Northern GBR,0.2638245588761013,leave_one_event_out,2024,formal_ensemble,0.12881174502255488,0.28278277153058085,0.03594939762864131,NA,NA,NA,8.73,0.216141422466712,0.09103995523121433,0.42120549680955033,0.3100811424175816,b,DHW 8.91,143.8982481500559,-12.287982601500946,-12.25,144,0.22787516124746,0.22787516124746,TRUE,FALSE,613.0200662612915,1260.360107421875,86.07130881755599,5.7271037101745605,0.15384615384615383,0.2042082546533585,FALSE,34.53750228881836,1.13,0.78,0.42,0.7766666666666667,1.13,El Nino,Weak,Weak El Nino,-2.9,-12.6,3.7,Neutral/mixed,mixed,-0.12479317298143155,0.18607183963182342,0.13737206119287007,TRUE,underestimated,TRUE,FALSE,3,0,0.22787516124746,0.2510179690363146,0.22787516124746,all_three_underestimate,1
manta,4285342,13-133,Tydeman Reef (13-133),2024,Northern GBR,0.26606508064600476,leave_one_event_out,2024,formal_ensemble,0.15808401259406932,0.2462354906303434,0.03900780474997628,NA,NA,NA,7.18,0.36088278135206137,0.13842169305638963,0.38356413829938735,0.28151111490984554,b,Aerial bl 3 2024 DHW 7.18,144.51999707349478,-13.983679065461638,-14,144.5,0.22705727589602848,0.22705727589602848,TRUE,FALSE,800.5253114700317,1337.35400390625,27.79877005838321,5.385504722595215,0.17582417582417584,0.5392500674399784,FALSE,33.84982681274414,1.13,0.78,0.42,0.7766666666666667,1.13,El Nino,Weak,Weak El Nino,-2.9,-12.6,3.7,Neutral/mixed,mixed,-0.12479317298143155,0.18607183963182342,0.13737206119287007,TRUE,underestimated,TRUE,FALSE,3,0,0.22705727589602848,0.22411387477727168,0.22705727589602848,all_three_underestimate,1
manta,4284566,21-550,U/N Reef (21-550),2024,Southern GBR,0.3105929180461531,leave_one_event_out,2024,formal_ensemble,0.6357476583436314,0.13557450975633287,0.08696907607049686,NA,NA,NA,7.85,0.22806223341999204,0.11930496754840737,0.5231246127836484,0.36064581279741115,NA,NA,152.31266256046848,-21.951433865895897,-22,152.25,0.2236238419756562,0.2236238419756562,TRUE,FALSE,197.96442985534668,373.87298583984375,175.33603223489754,7.698933601379395,0.05494505494505494,0.2042082546533585,FALSE,35.38807678222656,1.13,0.78,0.42,0.7766666666666667,1.13,El Nino,Weak,Weak El Nino,-2.9,-12.6,3.7,Neutral/mixed,mixed,-0.12479317298143155,0.18607183963182342,0.13737206119287007,TRUE,underestimated,TRUE,FALSE,3,0,0.2236238419756562,0.2958351290144473,0.2236238419756562,all_three_underestimate,1
manta,4067141,21-060,U/N Reef (21-060),2024,Southern GBR,0.3164588026273036,leave_one_event_out,2024,formal_ensemble,0.566968896340764,0.17278493983546808,0.09854928494741344,NA,NA,NA,8.99,0.4194754038758102,0.17549895142936292,0.4183772154643925,0.28597806281198546,NA,NA,150.59155482088028,-21.012891406939065,-21,150.5,0.21790951767989014,0.21790951767989014,TRUE,FALSE,154.7560691833496,300.556884765625,138.99385029191623,7.65802526473999,0.01098901098901099,0.4723496088481251,FALSE,35.46501541137695,1.13,0.78,0.42,0.7766666666666667,1.13,El Nino,Weak,Weak El Nino,-2.9,-12.6,3.7,Neutral/mixed,mixed,-0.12479317298143155,0.18607183963182342,0.13737206119287007,TRUE,underestimated,TRUE,FALSE,3,0,0.21790951767989014,0.3076266585558824,0.21790951767989014,all_three_underestimate,1
manta,4284380,21-305,East Cay Reef (21-305),2024,Southern GBR,0.2779171356313509,leave_one_event_out,2024,formal_ensemble,0.6594904605675134,0.1040981949342732,0.06898963079638287,NA,NA,NA,7.67,0.21688656916806204,0.06799922154007866,0.31352435423231356,0.22639056375339997,b,Aerial bl 5 2024 DHW 7.67,152.56459010777695,-21.48348026984447,-21.5,152.5,0.20892750483496803,0.20892750483496803,TRUE,FALSE,154.7560691833496,300.556884765625,222.5876216694933,7.61787748336792,0.03296703296703297,0.2042082546533585,FALSE,35.357975006103516,1.13,0.78,0.42,0.7766666666666667,1.13,El Nino,Weak,Weak El Nino,-2.9,-12.6,3.7,Neutral/mixed,mixed,-0.12479317298143155,0.18607183963182342,0.13737206119287007,TRUE,underestimated,TRUE,FALSE,3,0,0.20892750483496803,0.25374288198960937,0.20892750483496803,all_three_underestimate,1
manta,3988509,14-147a,South Direction Reef (North) (14-147a),2024,Northern GBR,0.2226589198311119,leave_one_event_out,2024,formal_ensemble,0.19111708684698617,0.17631555732677778,0.03388156932281379,NA,NA,NA,6.4,0.41269945972762634,0.0948762198800487,0.22989179569720097,0.17870433678922754,b,DHW 6.4 aerial bl 5,145.5235780928496,-14.824372008190638,-14.75,145.5,0.18877735050829814,0.18877735050829814,TRUE,FALSE,781.2640609741211,1286.718994140625,38.660259476645,5.6041412353515625,0.1978021978021978,0.6644186673860264,FALSE,33.90640640258789,1.13,0.78,0.42,0.7766666666666667,1.13,El Nino,Weak,Weak El Nino,-2.9,-12.6,3.7,Neutral/mixed,mixed,-0.12479317298143155,0.18607183963182342,0.13737206119287007,TRUE,underestimated,TRUE,FALSE,3,0,0.18877735050829814,0.20416328281161036,0.18877735050829814,all_three_underestimate,1
manta,4068096,18-075,John Brewer Reef (18-075),2024,Central GBR,0.26174312602717364,leave_one_event_out,2024,formal_ensemble,0.41145837263191826,0.17467525782977683,0.0729661120628406,NA,NA,NA,5.79,0.2646118463495706,0.06201416207375307,0.23435897874287936,0.17301712703418218,m,Cyclone Kirrily,147.0529670968722,-18.631097373635328,-18.75,147,0.18877701396433305,0.18877701396433305,TRUE,FALSE,443.0875797271729,785.013916015625,61.49749903428462,6.205605506896973,0.08791208791208792,0.849743728082007,FALSE,34.50395584106445,1.13,0.78,0.42,0.7766666666666667,1.13,El Nino,Weak,Weak El Nino,-2.9,-12.6,3.7,Neutral/mixed,mixed,-0.12479317298143155,0.18607183963182342,0.13737206119287007,TRUE,underestimated,TRUE,FALSE,3,0,0.18877701396433305,0.23829744028587113,0.18877701396433305,all_three_underestimate,1
manta,4284588,21-558,U/N Reef (21-558),2024,Southern GBR,0.25960430422350816,leave_one_event_out,2024,formal_ensemble,0.6999949829335234,0.10418291459714388,0.07298504893753698,NA,NA,NA,7.54,0.07481468055436158,0.029245587397231203,0.39090706771087363,0.2894259103817405,NA,NA,152.54572214577905,-21.54859161424353,-21.5,152.5,0.18661925528597118,0.18661925528597118,TRUE,FALSE,154.7560691833496,300.556884765625,222.5876216694933,7.61787748336792,0.03296703296703297,0.2042082546533585,FALSE,35.36153030395508,1.13,0.78,0.42,0.7766666666666667,1.13,El Nino,Weak,Weak El Nino,-2.9,-12.6,3.7,Neutral/mixed,mixed,-0.12479317298143155,0.18607183963182342,0.13737206119287007,TRUE,underestimated,TRUE,FALSE,3,0,0.18661925528597118,0.20792415094723427,0.18661925528597118,all_three_underestimate,1
mmp,4137924,18-049e,Orpheus (Goolboddi) Island Reef (No 5) (18-049e),2024,Central GBR,0.33651069129053574,leave_one_event_out,2024,formal_ensemble,0.3344040098802622,0.6013241894250324,0.16496242479708334,NA,NA,NA,5.37,0.9172638468175502,0.3967281889024488,0.43251261921953915,0.2869674987340918,m,bleaching observed during targetted bleaching surveys,146.49836891468513,-18.593317615286683,-18.5,146.5,0.1715482664934524,0.1715482664934524,TRUE,FALSE,497.6987819671631,1023.69140625,38.297776879451746,4.993875026702881,0.2087912087912088,0.9196115457243054,FALSE,34.25625991821289,1.13,0.78,0.42,0.7766666666666667,1.13,El Nino,Weak,Weak El Nino,-2.9,-12.6,3.7,Neutral/mixed,mixed,-0.18555161079066868,0.15709039788513546,0.17867110390792107,TRUE,underestimated,TRUE,FALSE,2,0,0.12541672424805717,0.2555185370405553,0.1715482664934524,mixed_or_not_outlying,1
ltmp,4225913,18-065,Havannah Reef (18-065),2016,Central GBR,0,leave_one_event_out,2016,formal_ensemble,0.37488741140920967,0.4441685408565468,0.17744771768690604,NA,NA,NA,3.33,0.2625659600620433,0.008910060932323462,0.03393456231043068,0.060537829703790146,b,NA,146.53756426233167,-18.843027253583003,-18.75,146.5,-0.17744771768690604,0.17744771768690604,FALSE,TRUE,392.21394634246826,594.7872314453125,26.32349077361211,4.269242763519287,0.17582417582417584,NA,NA,NA,2.14,1.81,1.3,1.75,2.14,El Nino,Strong,Strong El Nino,-13.3,-19.7,-4.7,El Nino-like,coupled,-0.12510607543766838,0.26349619723487394,0.18269815185466792,TRUE,overestimated,FALSE,TRUE,0,2,-0.23847957439885376,-0.05941831852326519,-0.17744771768690604,mixed_or_not_outlying,1
manta,4068398,16-049,Green Island Reef (16-049),2016,Central GBR,0,leave_one_event_out,2016,formal_ensemble,0.38943719648100455,0.3898277573274994,0.15143927824440745,NA,NA,NA,3.67,0.01851190292821619,0.0014928382890581824,0.08064207633580285,0.12456595379506087,NA,NA,145.99866219835064,-16.767072839966023,-16.75,146,-0.15143927824440745,0.15143927824440745,FALSE,TRUE,414.29924964904785,520.513671875,38.476277836573935,5.155791759490967,0.16483516483516483,NA,NA,NA,2.14,1.81,1.3,1.75,2.14,El Nino,Strong,Strong El Nino,-13.3,-19.7,-4.7,El Nino-like,coupled,-0.12681345470973923,0.3099776230742367,0.21962381496862002,TRUE,overestimated,FALSE,TRUE,0,2,-0.15143927824440745,-0.09575758989725042,-0.15143927824440745,mixed_or_not_outlying,1
ltmp,4187216,23-082a,Lady Musgrave Reef (23-082a),2016,Southern GBR,0,leave_one_event_out,2016,formal_ensemble,0.4999844614258353,0.24918733846832983,0.1284522846632311,NA,NA,NA,0.44,0.9152466290843615,0.4273597383413014,0.46693396595062486,0.652393482418424,NA,NA,152.38720978391524,-23.901782109685243,-24,152.5,-0.1284522846632311,0.1284522846632311,FALSE,TRUE,194.41318321228027,380.2244873046875,75.2376810282473,7.433222770690918,0,NA,NA,NA,2.14,1.81,1.3,1.75,2.14,El Nino,Strong,Strong El Nino,-13.3,-19.7,-4.7,El Nino-like,coupled,-0.12510607543766838,0.26349619723487394,0.18269815185466792,TRUE,overestimated,FALSE,TRUE,0,2,-0.16075208060279436,-0.06598776673371919,-0.1284522846632311,mixed_or_not_outlying,1
ltmp,4223970,21-025,Penrith Reef (21-025),2017,Southern GBR,0.7334236587648599,leave_one_event_out,2017,formal_ensemble,0.2703365250516744,0.15365960775821583,0.04602485938504217,NA,NA,NA,4.87,0.24561559429316782,0.0737147811789097,0.3001225609922936,0.0800055742314458,m,Aerial bl 4 2017,149.89796025337944,-21.016671758859772,-21,150,0.6873987993798177,0.6873987993798177,TRUE,FALSE,723.0796947479248,1175.4681396484375,95.56334639855292,7.143623352050781,0.05555555555555555,NA,NA,NA,-0.6,-0.44,-0.18,-0.4066666666666667,-0.6,Neutral,Neutral,Neutral,1.7,-2.2,5.1,Neutral/mixed,coupled,-0.1287020197362715,0.26771326743399254,0.1891903920561897,TRUE,underestimated,FALSE,FALSE,3,0,0.6650089683229292,0.7177085891296803,0.6873987993798177,all_three_underestimate,1
ltmp,3752921,16-025,Opal Reef (16-025),2016,Central GBR,0.5820464815884053,leave_one_event_out,2016,formal_ensemble,0.49678753477881654,0.3263699246983379,0.16663634798465854,NA,NA,NA,5.82,0.24670223660435814,0.049438188654747486,0.20039619151906032,0.08375629332167503,b,"bleaching mortality- HC and particularly SC, COTS removal-2188.  2015/16 summer bleaching, COTS removal-2188",145.8896660287266,-16.22088941687545,-16.25,146,0.4154101336037468,0.4154101336037468,TRUE,FALSE,427.5445976257324,520.46868896484375,77.0247173690324,5.264625549316406,0.16483516483516483,NA,NA,NA,2.14,1.81,1.3,1.75,2.14,El Nino,Strong,Strong El Nino,-13.3,-19.7,-4.7,El Nino-like,coupled,-0.12510607543766838,0.26349619723487394,0.18269815185466792,TRUE,underestimated,FALSE,FALSE,3,0,0.3760755740917031,0.49147916829631483,0.4154101336037468,all_three_underestimate,1
ltmp,4184040,21-556,Gannett Cay Reef (21-556),2020,Southern GBR,0.5658792943952381,leave_one_event_out,2020,formal_ensemble,0.7620081944166115,0.184931276920888,0.15258158986030293,NA,NA,NA,6.8,0.34729302570042375,0.08102526710941152,0.23330519507553893,0.10128261590744957,m,DHW2020 6.8.,152.47738995987072,-21.981635523803497,-22,152.5,0.4132977045349352,0.4132977045349352,TRUE,FALSE,261.96444034576416,419.1785888671875,198.3246302201427,6.538841724395752,0.08791208791208792,NA,NA,NA,0.14,0.1,0.02,0.08666666666666667,0.14,Neutral,Neutral,Neutral,-2.9000000000000004,-5.5,1.3,Neutral/mixed,coupled,-0.1713485809961564,0.28974008401412055,0.2667421156484206,TRUE,underestimated,FALSE,FALSE,2,0,0.47855214248267375,0.2746877993675153,0.4132977045349352,mixed_or_not_outlying,1
ltmp,3813236,18-043,Fore And Aft Reef (18-043),2017,Central GBR,0,leave_one_event_out,2017,formal_ensemble,0.877369568979925,0.4284713977340715,0.3774206288317159,NA,NA,NA,6.88,0.5635922377591336,0.11523150763340771,0.20445900406927717,0.23505289446443722,NA,NA,147.03765470455775,-18.50482883696939,-18.5,147,-0.3774206288317159,0.3774206288317159,FALSE,FALSE,391.42310333251953,715.43267822265625,83.77527323363911,5.817775249481201,0.07777777777777778,NA,NA,NA,-0.6,-0.44,-0.18,-0.4066666666666667,-0.6,Neutral,Neutral,Neutral,1.7,-2.2,5.1,Neutral/mixed,coupled,-0.1287020197362715,0.26771326743399254,0.1891903920561897,TRUE,overestimated,FALSE,FALSE,0,3,-0.3322781650422734,-0.4385313439046561,-0.3774206288317159,all_three_overestimate,1
manta,4067755,20-104,U/N Reef (20-104),2022,Central GBR,0.39437688158228135,leave_one_event_out,2022,formal_ensemble,0.13033656778668293,0.175789919946016,0.02319064544158804,NA,NA,NA,4.07,0.20685377657459916,0.05540730468671473,0.26785735123735,0.16222060434747407,b,DHW 4 in 2022,149.68804874364835,-20.031605279405447,-20,149.75,0.3711862361406933,0.3711862361406933,TRUE,FALSE,245.67949771881104,342.7500915527344,83.09235604782566,6.964337348937988,0.03333333333333333,NA,NA,NA,-1.18,-1.13,-1.19,-1.1666666666666663,-1.19,La Nina,Moderate,Moderate La Nina,9.975,4.1,13.8,La Nina-like,coupled,-0.12532775235936464,0.33324206010750873,0.23017242157175022,TRUE,underestimated,FALSE,FALSE,2,0,0.3711862361406933,0.3882473650934184,0.3711862361406933,mixed_or_not_outlying,1
manta,4206495,16-019,St Crispin Reef (16-019),2016,Central GBR,0.47023809222379687,leave_one_event_out,2016,formal_ensemble,0.4528323848538905,0.2504724036637966,0.11291634224639986,NA,NA,NA,5.82,0.26925833368007346,0.05353952433188459,0.19884073261590862,0.10533824585422165,b,bleaching mortality- HC and particularly SC,145.83328114963933,-16.104125661150878,-16,145.75,0.357321749977397,0.357321749977397,TRUE,FALSE,449.30434226989746,589.630859375,53.443772818368494,4.878602981567383,0.24175824175824176,NA,NA,NA,2.14,1.81,1.3,1.75,2.14,El Nino,Strong,Strong El Nino,-13.3,-19.7,-4.7,El Nino-like,coupled,-0.12681345470973923,0.3099776230742367,0.21962381496862002,TRUE,underestimated,FALSE,FALSE,2,0,0.357321749977397,0.3189381520739214,0.357321749977397,mixed_or_not_outlying,1
ltmp,3812066,18-042,Roxburgh Reef (18-042),2017,Central GBR,0.44260099402814246,leave_one_event_out,2017,formal_ensemble,0.7622238488741948,0.14337462023026984,0.1017566587692052,NA,NA,NA,7.54,0.30938565183178807,0.05758979483882587,0.18614242288823804,0.10375560148709703,b,"mortality on sites, but not manta tow for 2016/17 bleaching event.  low disease and Drupella on transects, 8% decline HCC",147.0580939337741,-18.431827412766367,-18.5,147,0.34084433525893726,0.34084433525893726,TRUE,FALSE,391.42310333251953,715.43267822265625,83.77527323363911,5.817775249481201,0.07777777777777778,NA,NA,NA,-0.6,-0.44,-0.18,-0.4066666666666667,-0.6,Neutral,Neutral,Neutral,1.7,-2.2,5.1,Neutral/mixed,coupled,-0.1287020197362715,0.26771326743399254,0.1891903920561897,TRUE,underestimated,FALSE,FALSE,3,0,0.32758869916159034,0.35878888973504885,0.34084433525893726,all_three_underestimate,1
ltmp,3811256,18-031,Little Kelso Reef (18-031),2017,Central GBR,0,leave_one_event_out,2017,formal_ensemble,0.8946162512670922,0.3698610624981405,0.3250859495622458,NA,NA,NA,7.19,0.6162764684729607,0.22065846107941223,0.358051089677609,0.37769821803971615,m,COTS and Bleaching,146.99306292910418,-18.46914167134567,-18.5,147,-0.3250859495622458,0.3250859495622458,FALSE,FALSE,391.42310333251953,715.43267822265625,83.77527323363911,5.817775249481201,0.07777777777777778,NA,NA,NA,-0.6,-0.44,-0.18,-0.4066666666666667,-0.6,Neutral,Neutral,Neutral,1.7,-2.2,5.1,Neutral/mixed,coupled,-0.1287020197362715,0.26771326743399254,0.1891903920561897,TRUE,overestimated,FALSE,FALSE,0,3,-0.3516617097791404,-0.2891095412289184,-0.3250859495622458,all_three_overestimate,1
ltmp,4179548,16-057,Hastings Reef (16-057),2017,Central GBR,0.6376638525378587,leave_one_event_out,2017,formal_ensemble,0.9101463317619314,0.35145793204005105,0.31763681772097035,NA,NA,NA,10.25,0.4708998808120515,0.12153236113440091,0.2580853512318209,0.0935136518817516,b,"bleaching mortality- HC, COTS removal.  2016/17 summer bleaching, COTS removal 886",146.0081313424477,-16.51843569001036,-16.5,146,0.3200270348168884,0.3200270348168884,TRUE,FALSE,443.2531681060791,827.43310546875,60.09013295337378,5.845160007476807,0.17777777777777778,NA,NA,NA,-0.6,-0.44,-0.18,-0.4066666666666667,-0.6,Neutral,Neutral,Neutral,1.7,-2.2,5.1,Neutral/mixed,coupled,-0.1287020197362715,0.26771326743399254,0.1891903920561897,TRUE,underestimated,FALSE,FALSE,3,0,0.29631621249622536,0.3521250902916988,0.3200270348168884,all_three_underestimate,1
ltmp,4180873,23-081,Fairfax Islands Reef (23-081),2024,Southern GBR,0.17622110261289636,leave_one_event_out,2024,formal_ensemble,0.761808094472118,0.6017082873465367,0.4614350479306258,NA,NA,NA,11.26,0.8421051184060283,0.27985232875046706,0.33232469751541616,0.27376207289375226,m,"Aerial bl 4 2024 DHW 11.46 2024, moderate disease",152.36095455315902,-23.866570721352392,-23.75,152.25,-0.2852139453177294,0.2852139453177294,FALSE,FALSE,324.07593727111816,308.20703125,75.30452287765046,7.760509014129639,0.01098901098901099,0.5597518208794173,FALSE,35.57422637939453,1.13,0.78,0.42,0.7766666666666667,1.13,El Nino,Weak,Weak El Nino,-2.9,-12.6,3.7,Neutral/mixed,mixed,-0.15950380402470377,0.2699073551050749,0.22790884186007535,TRUE,overestimated,FALSE,FALSE,0,2,-0.4053510945634675,-0.10353526320956064,-0.2852139453177294,mixed_or_not_outlying,1
ltmp,4173748,14-137,Carter Reef (14-137),2016,Northern GBR,0.6596385918260654,leave_one_event_out,2016,formal_ensemble,0.7795129803737306,0.48458922673678184,0.37976753675699626,NA,NA,NA,11.32,0.25728508433988473,0.06506848607992363,0.2529042297452632,0.08607883976924205,m,"0+ survey severe bleaching in sector 2016 summer, also severe storm damage.  Cyclone Nathan March 2015, 2015/16 summer bleaching",145.58899531614233,-14.547673942392027,-14.5,145.5,0.2798710550690692,0.2798710550690692,TRUE,FALSE,493.198748588562,493.6431884765625,61.75564549314031,5.419349670410156,0.13186813186813187,NA,NA,NA,2.14,1.81,1.3,1.75,2.14,El Nino,Strong,Strong El Nino,-13.3,-19.7,-4.7,El Nino-like,coupled,-0.12510607543766838,0.26349619723487394,0.18269815185466792,TRUE,underestimated,FALSE,FALSE,2,0,0.3187274519283266,0.20472673828041854,0.2798710550690692,mixed_or_not_outlying,1
ltmp,4228737,19-207,Hyde Reef (19-207),2024,Central GBR,0.01598408772518924,leave_one_event_out,2024,formal_ensemble,0.5956159192481809,0.4830747363731968,0.293651512000807,NA,NA,NA,9.25,0.7162796368719883,0.21143536384347036,0.29518550152676976,0.2904672305751619,NA,NA,150.0855038746232,-19.75622510275872,-19.75,150,-0.2776674242756178,0.2776674242756178,FALSE,FALSE,338.9319152832031,621.4276123046875,118.35940764116184,7.366249084472656,0.01098901098901099,0.2042082546533585,FALSE,35.1241569519043,1.13,0.78,0.42,0.7766666666666667,1.13,El Nino,Weak,Weak El Nino,-2.9,-12.6,3.7,Neutral/mixed,mixed,-0.15950380402470377,0.2699073551050749,0.22790884186007535,TRUE,overestimated,FALSE,FALSE,0,3,-0.3345747933165866,-0.19160864999541152,-0.2776674242756178,all_three_overestimate,1
ltmp,4175974,14-138,Yonge Reef (14-138),2016,Northern GBR,0.5962824992034219,leave_one_event_out,2016,formal_ensemble,0.761190054547739,0.4251939534915866,0.32596375266001903,NA,NA,NA,11.49,0.23432375159355373,0.04251166194345501,0.1814227608355879,0.07324354359215884,m,"bleaching mortality, storm dmage.  intact dead colonies observed,Cyclone Nathan March 2015, 2015/16 summer bleaching",145.6234777451695,-14.599681791894447,-14.5,145.5,0.2703187465434029,0.2703187465434029,TRUE,FALSE,493.198748588562,493.6431884765625,61.75564549314031,5.419349670410156,0.13186813186813187,NA,NA,NA,2.14,1.81,1.3,1.75,2.14,El Nino,Strong,Strong El Nino,-13.3,-19.7,-4.7,El Nino-like,coupled,-0.12510607543766838,0.26349619723487394,0.18269815185466792,TRUE,underestimated,FALSE,FALSE,2,0,0.30899627223350123,0.1955203483907063,0.2703187465434029,mixed_or_not_outlying,1
ltmp,4176756,15-099c,Agincourt Reefs (No 1) (15-099c),2016,Central GBR,0.5324526227764816,leave_one_event_out,2016,formal_ensemble,0.5961896470184307,0.4405322530223662,0.26487648582193174,NA,NA,NA,6.890000000000001,0.30463843268583835,0.07921541109088445,0.2600309172827717,0.12157677337258557,b,"bleaching mortality-decline in HC and SC.  2015/16 bleaching event, COTS removal dives- 0 COTS",145.86736876665043,-16.052047558311415,-16,145.75,0.2675761369545499,0.2675761369545499,TRUE,FALSE,449.30434226989746,589.630859375,53.443772818368494,4.878602981567383,0.24175824175824176,NA,NA,NA,2.14,1.81,1.3,1.75,2.14,El Nino,Strong,Strong El Nino,-13.3,-19.7,-4.7,El Nino-like,coupled,-0.12510607543766838,0.26349619723487394,0.18269815185466792,TRUE,underestimated,FALSE,FALSE,2,0,0.22876724748966648,0.342628579277702,0.2675761369545499,mixed_or_not_outlying,1
mmp,4137925,18-049e,Orpheus (Goolboddi) Island Reef (No 5) (18-049e),2022,Central GBR,0,leave_one_event_out,2022,formal_ensemble,0.8175687759525363,0.29217844790141456,0.2339094149600131,NA,NA,NA,5.32,0.952450917852772,0.36684712298386407,0.3851611837499122,0.43251261921953915,NA,NA,146.49836891468513,-18.593317615286683,-18.5,146.5,-0.2339094149600131,0.2339094149600131,FALSE,FALSE,348.25658226013184,463.3794860839844,38.297776879451746,4.865782260894775,0.17777777777777778,NA,NA,NA,-1.18,-1.13,-1.19,-1.1666666666666663,-1.19,La Nina,Moderate,Moderate La Nina,9.975,4.1,13.8,La Nina-like,coupled,-0.15828029255652853,0.5393745960232832,0.4142161212434683,TRUE,overestimated,FALSE,FALSE,0,3,-0.2339094149600131,-0.24145016966773636,-0.2339094149600131,all_three_overestimate,1
manta,4067239,19-209,Rebe Reef (19-209),2024,Central GBR,0,leave_one_event_out,2024,formal_ensemble,0.6842645933903749,0.2948010708618331,0.2011416197333709,NA,NA,NA,11.14,0.6402774310653515,0.29848476246620237,0.46618035867601393,0.5092197617855989,b,Aerial bl 4,150.1528879768461,-19.798875844552786,-19.75,150.25,-0.2011416197333709,0.2011416197333709,FALSE,FALSE,338.9319152832031,621.4276123046875,141.95146623793426,7.324434280395508,0.01098901098901099,0.2042082546533585,FALSE,35.093719482421875,1.13,0.78,0.42,0.7766666666666667,1.13,El Nino,Weak,Weak El Nino,-2.9,-12.6,3.7,Neutral/mixed,mixed,-0.12479317298143155,0.18607183963182342,0.13737206119287007,TRUE,overestimated,FALSE,FALSE,0,2,-0.2011416197333709,-0.12294138618416292,-0.2011416197333709,mixed_or_not_outlying,1
ltmp,4171462,14-114,MacGillivray Reef (14-114),2016,Northern GBR,0,leave_one_event_out,2016,formal_ensemble,0.6084237302232578,0.31976853656428006,0.1956326763918647,NA,NA,NA,8.61,0.012206575097515862,0.0014450406474458995,0.1183821535444432,0.13012805758075172,m,bleaching in sector. COTS and cyclone,145.49102944815397,-14.651902052216371,-14.75,145.5,-0.1956326763918647,0.1956326763918647,FALSE,FALSE,493.198748588562,493.6431884765625,38.660259476645,5.603195667266846,0.14285714285714285,NA,NA,NA,2.14,1.81,1.3,1.75,2.14,El Nino,Strong,Strong El Nino,-13.3,-19.7,-4.7,El Nino-like,coupled,-0.12510607543766838,0.26349619723487394,0.18269815185466792,TRUE,overestimated,FALSE,FALSE,0,3,-0.17467517031798738,-0.23616236011986863,-0.1956326763918647,all_three_overestimate,1
ltmp,4174491,15-024,Mackay Reefs (15-024),2016,Northern GBR,0,leave_one_event_out,2016,formal_ensemble,0.5048459870462689,0.3835365230986485,0.19382854483104872,NA,NA,NA,6.7700000000000005,0.007594889016837175,0.001114385129721731,0.14672829678633104,0.17806672821822833,NA,NA,145.57131159787684,-15.138939640300418,-15.25,145.5,-0.19382854483104872,0.19382854483104872,FALSE,FALSE,512.7203426361084,480.5827026367187,26.81989949840036,5.16959285736084,0.17582417582417584,NA,NA,NA,2.14,1.81,1.3,1.75,2.14,El Nino,Strong,Strong El Nino,-13.3,-19.7,-4.7,El Nino-like,coupled,-0.12510607543766838,0.26349619723487394,0.18269815185466792,TRUE,overestimated,FALSE,FALSE,0,3,-0.18084832869177384,-0.21893096174036245,-0.19382854483104872,all_three_overestimate,1
mmp,4141843,18-051,Pandora Reef (18-051),2017,Central GBR,0,leave_one_event_out,2017,formal_ensemble,0.37033601435489005,0.6277425697061718,0.1933271113970761,NA,NA,NA,8.52,0.21758353606981254,0.013369596882703408,0.06144581122357401,0.08546867497361639,b,NA,146.43372840534016,-18.812273249310245,-18.75,146.5,-0.1933271113970761,0.1933271113970761,FALSE,FALSE,391.42310333251953,715.43267822265625,26.32349077361211,4.628453731536865,0.24444444444444444,NA,NA,NA,-0.6,-0.44,-0.18,-0.4066666666666667,-0.6,Neutral,Neutral,Neutral,1.7,-2.2,5.1,Neutral/mixed,coupled,-0.13265519497379585,0.5558887902832901,0.4725244357840882,TRUE,overestimated,FALSE,FALSE,0,2,-0.1933271113970761,-0.0797872632258935,-0.1933271113970761,mixed_or_not_outlying,1
mmp,4160208,16-006,Snapper Reef (16-006),2017,Central GBR,0,leave_one_event_out,2017,formal_ensemble,0.6406279295432306,0.3713396334520532,0.18295977725519957,NA,NA,NA,11.65,0.17495639896008247,0.0708079600791072,0.40471774967923596,0.433355274230269,b,NA,145.49964598918365,-16.29825950899472,-16.25,145.5,-0.18295977725519957,0.18295977725519957,FALSE,FALSE,558.503514289856,1108.5732421875,26.688203488870816,3.01989483833313,0.6,NA,NA,NA,-0.6,-0.44,-0.18,-0.4066666666666667,-0.6,Neutral,Neutral,Neutral,1.7,-2.2,5.1,Neutral/mixed,coupled,-0.13265519497379585,0.5558887902832901,0.4725244357840882,TRUE,overestimated,FALSE,FALSE,0,3,-0.18295977725519957,-0.1906293124229047,-0.18295977725519957,all_three_overestimate,2
ltmp,4222721,18-076,Helix Reef (18-076),2017,Central GBR,0,leave_one_event_out,2017,formal_ensemble,0.7498345029822264,0.2507152981945784,0.1787135585925317,NA,NA,NA,5.41,0.35606096891631683,0.09815999388954252,0.2756831061497576,0.37583550743543276,NA,NA,147.29843386014053,-18.624592601934665,-18.5,147.25,-0.1787135585925317,0.1787135585925317,FALSE,FALSE,184.08012580871585,401.8680114746094,98.60262415600752,5.942901611328125,0.08888888888888889,NA,NA,NA,-0.6,-0.44,-0.18,-0.4066666666666667,-0.6,Neutral,Neutral,Neutral,1.7,-2.2,5.1,Neutral/mixed,coupled,-0.1287020197362715,0.26771326743399254,0.1891903920561897,TRUE,overestimated,FALSE,FALSE,0,3,-0.17114225964479343,-0.18896305438623484,-0.1787135585925317,all_three_overestimate,1
mmp,4147249,17-043a,Jessie-Kent Reef (17-043a),2017,Central GBR,0,leave_one_event_out,2017,formal_ensemble,0.6051834442345388,0.35774971071765,0.1731201001304777,NA,NA,NA,8.870000000000001,0.6123292334598036,0.14962516923955313,0.24435411713750113,0.24876646242570866,b,NA,146.17663122704388,-17.674631088914335,-17.75,146.25,-0.1731201001304777,0.1731201001304777,FALSE,FALSE,432.56974601745605,974.7330322265624,26.47542988685171,4.568530082702637,0.24444444444444444,NA,NA,NA,-0.6,-0.44,-0.18,-0.4066666666666667,-0.6,Neutral,Neutral,Neutral,1.7,-2.2,5.1,Neutral/mixed,coupled,-0.13265519497379585,0.5558887902832901,0.4725244357840882,TRUE,overestimated,FALSE,FALSE,0,3,-0.1731201001304777,-0.16598519529569458,-0.1731201001304777,all_three_overestimate,2
mmp,4150500,19-009c,Magnetic Island Reef (No 2) (19-009c),2017,Central GBR,0,leave_one_event_out,2017,formal_ensemble,0.28179081907733355,0.6612511892982265,0.16898054456866932,NA,NA,NA,7.8,0.06612993006282528,0.01631123598872253,0.24665436623366155,0.2540200064273047,b,NA,146.86457106870293,-19.15415809805399,-19.25,146.75,-0.16898054456866932,0.16898054456866932,FALSE,FALSE,184.08012580871585,401.8680114746094,0,2.835153102874756,0.5666666666666667,NA,NA,NA,-0.6,-0.44,-0.18,-0.4066666666666667,-0.6,Neutral,Neutral,Neutral,1.7,-2.2,5.1,Neutral/mixed,coupled,-0.13265519497379585,0.5558887902832901,0.4725244357840882,TRUE,overestimated,FALSE,FALSE,0,3,-0.16898054456866932,-0.14751835187613263,-0.16898054456866932,all_three_overestimate,1
ltmp,4227302,19-159,Slate Reef (19-159),2024,Central GBR,0.0636605992892416,leave_one_event_out,2024,formal_ensemble,0.5028372016102649,0.4439291972242963,0.23001897753842104,NA,NA,NA,8.61,0.6136352481490801,0.24571692653612984,0.40042831189585437,0.37493680558818493,NA,NA,149.92649486294198,-19.667045863894188,-19.75,150,-0.16635837824917943,0.16635837824917943,FALSE,FALSE,338.9319152832031,621.4276123046875,118.35940764116184,7.366249084472656,0.01098901098901099,0.40868626922039386,FALSE,34.98847198486328,1.13,0.78,0.42,0.7766666666666667,1.13,El Nino,Weak,Weak El Nino,-2.9,-12.6,3.7,Neutral/mixed,mixed,-0.15950380402470377,0.2699073551050749,0.22790884186007535,TRUE,overestimated,FALSE,FALSE,0,2,-0.22488495706355122,-0.0778509367620729,-0.16635837824917943,mixed_or_not_outlying,1
ltmp,4236916,18-051,Pandora Reef (18-051),2016,Central GBR,0,leave_one_event_out,2016,formal_ensemble,0.3359208562112476,0.4390989633197194,0.16081214775417582,NA,NA,NA,4.05,0.02493403970316661,0.009182080721215404,0.36825483678239607,0.3723360561484397,b,NA,146.43372840534016,-18.812273249310245,-18.75,146.5,-0.16081214775417582,0.16081214775417582,FALSE,FALSE,392.21394634246826,594.7872314453125,26.32349077361211,4.269242763519287,0.17582417582417584,NA,NA,NA,2.14,1.81,1.3,1.75,2.14,El Nino,Strong,Strong El Nino,-13.3,-19.7,-4.7,El Nino-like,coupled,-0.12510607543766838,0.26349619723487394,0.18269815185466792,TRUE,overestimated,FALSE,FALSE,0,2,-0.22308672285835593,-0.04037945770169528,-0.16081214775417582,mixed_or_not_outlying,1
mmp,4167104,17-053,Stingaree Reefs (17-053),2017,Central GBR,0,leave_one_event_out,2017,formal_ensemble,0.5425251025581083,0.37946901469665295,0.15800062402371914,NA,NA,NA,7.390000000000001,0.3980572350256958,0.06296542446776066,0.1581818364982012,0.16458743413196203,b,NA,146.1511371492056,-17.95156984600971,-18,146.25,-0.15800062402371914,0.15800062402371914,FALSE,FALSE,352.77867317199707,801.0516357421875,26.438199406294544,4.2484354972839355,0.2777777777777778,NA,NA,NA,-0.6,-0.44,-0.18,-0.4066666666666667,-0.6,Neutral,Neutral,Neutral,1.7,-2.2,5.1,Neutral/mixed,coupled,-0.13265519497379585,0.5558887902832901,0.4725244357840882,TRUE,overestimated,FALSE,FALSE,0,3,-0.15800062402371914,-0.1821243124593734,-0.15800062402371914,all_three_overestimate,2
manta,4285300,12-056,Mantis Reef (12-056),2022,Northern GBR,0,leave_one_event_out,2022,formal_ensemble,0.7323764452627842,0.210336148104481,0.1555298499344068,NA,NA,NA,10.45,0.21517474702332873,0.07252094015192227,0.33703276595027076,0.39840345739747257,NA,NA,143.8982481500559,-12.287982601500946,-12.25,144,-0.1555298499344068,0.1555298499344068,FALSE,FALSE,467.8847789764404,872.566162109375,86.07130881755599,5.042386054992676,0.2111111111111111,NA,NA,NA,-1.18,-1.13,-1.19,-1.1666666666666663,-1.19,La Nina,Moderate,Moderate La Nina,9.975,4.1,13.8,La Nina-like,coupled,-0.12532775235936464,0.33324206010750873,0.23017242157175022,TRUE,overestimated,FALSE,FALSE,0,2,-0.1555298499344068,-0.20012776894782577,-0.1555298499344068,mixed_or_not_outlying,1
manta,4284411,23-068,Erskine Reef (23-068),2024,Southern GBR,0.06654453617104276,leave_one_event_out,2024,formal_ensemble,0.7086218946086357,0.30919018147217947,0.21959191359252372,NA,NA,NA,11.17,0.8208239385774314,0.33526694542770974,0.4084517150032933,0.3812714850801322,b,Aerial bl 4 2024 DHW 11.17,151.77363622730084,-23.501854122849178,-23.5,151.75,-0.15304737742148095,0.15304737742148095,FALSE,FALSE,199.7352838516235,299.32366943359375,58.02948927544897,7.857634544372559,0.01098901098901099,0.6296196385217157,FALSE,35.713356018066406,1.13,0.78,0.42,0.7766666666666667,1.13,El Nino,Weak,Weak El Nino,-2.9,-12.6,3.7,Neutral/mixed,mixed,-0.12479317298143155,0.18607183963182342,0.13737206119287007,TRUE,overestimated,FALSE,FALSE,0,2,-0.15304737742148095,0.009068213005243228,-0.15304737742148095,mixed_or_not_outlying,1
ltmp,4176755,15-099c,Agincourt Reefs (No 1) (15-099c),2017,Central GBR,0,leave_one_event_out,2017,formal_ensemble,0.5600219196938084,0.2714643864155301,0.1520898562243623,NA,NA,NA,8.16,0.33964521989442337,0.0412929699261863,0.12157677337258557,0.12747132544169926,NA,NA,145.86736876665043,-16.052047558311415,-16,145.75,-0.1520898562243623,0.1520898562243623,FALSE,FALSE,471.98974800109863,1060.11083984375,53.443772818368494,5.352034568786621,0.2777777777777778,NA,NA,NA,-0.6,-0.44,-0.18,-0.4066666666666667,-0.6,Neutral,Neutral,Neutral,1.7,-2.2,5.1,Neutral/mixed,coupled,-0.1287020197362715,0.26771326743399254,0.1891903920561897,TRUE,overestimated,FALSE,FALSE,0,2,-0.14894709622522498,-0.1563443052448172,-0.1520898562243623,mixed_or_not_outlying,1
manta,4285460,12-098,Second Small Reef (12-098),2022,Northern GBR,0,leave_one_event_out,2022,formal_ensemble,0.6999964938994624,0.2155732454755257,0.15169736429248443,NA,NA,NA,8.46,0.32711814112678345,0.11486527378830186,0.3511430866922869,0.4331925401073155,NA,NA,143.79450034998015,-12.582123869118586,-12.5,143.75,-0.15169736429248443,0.15169736429248443,FALSE,FALSE,467.8847789764404,872.566162109375,54.279648353109025,5.084073066711426,0.13333333333333333,NA,NA,NA,-1.18,-1.13,-1.19,-1.1666666666666663,-1.19,La Nina,Moderate,Moderate La Nina,9.975,4.1,13.8,La Nina-like,coupled,-0.12532775235936464,0.33324206010750873,0.23017242157175022,TRUE,overestimated,FALSE,FALSE,0,2,-0.15169736429248443,-0.16348304350230974,-0.15169736429248443,mixed_or_not_outlying,1
manta,1273142,13-121,U/N Reef (13-121),2022,Northern GBR,0,leave_one_event_out,2022,formal_ensemble,0.5642371851770274,0.2540020468247998,0.14521011556262275,NA,NA,NA,9.34,0.1996493645654637,0.04325783700619619,0.21666904425339273,0.2746564591990349,NA,NA,144.26705578833935,-13.780105110649073,-13.75,144.25,-0.14521011556262275,0.14521011556262275,FALSE,FALSE,506.9162845611572,781.92901611328125,61.79502527764437,5.2201762199401855,0.07777777777777778,NA,NA,NA,-1.18,-1.13,-1.19,-1.1666666666666663,-1.19,La Nina,Moderate,Moderate La Nina,9.975,4.1,13.8,La Nina-like,coupled,-0.12532775235936464,0.33324206010750873,0.23017242157175022,TRUE,overestimated,FALSE,FALSE,0,3,-0.14521011556262275,-0.268457211401741,-0.14521011556262275,all_three_overestimate,1
manta,3989106,21-588,Wade Reef (21-588),2024,Southern GBR,0.00629080401453635,leave_one_event_out,2024,formal_ensemble,0.6370504849546345,0.23366932321524225,0.149126484989245,NA,NA,NA,9.33,0.31761851319151824,0.04543402156914995,0.14304588581004424,0.1421460121773275,b,Aerial bl 4 2024  DHW 9.57 2024,152.6488360459963,-21.98545496687187,-22,152.75,-0.14283568097470864,0.14283568097470864,FALSE,FALSE,197.96442985534668,373.87298583984375,221.91002299353315,7.634066581726074,0.05494505494505494,0.2042082546533585,FALSE,35.42192077636719,1.13,0.78,0.42,0.7766666666666667,1.13,El Nino,Weak,Weak El Nino,-2.9,-12.6,3.7,Neutral/mixed,mixed,-0.12479317298143155,0.18607183963182342,0.13737206119287007,TRUE,overestimated,FALSE,FALSE,0,2,-0.14283568097470864,-0.017874609355336767,-0.14283568097470864,mixed_or_not_outlying,1
manta,4284699,21-562,Turner Reef (21-562),2024,Southern GBR,0,leave_one_event_out,2024,formal_ensemble,0.6992673122434301,0.20344859520757808,0.1425354899590617,NA,NA,NA,9.27,0.08656072859991064,0.01058389303301132,0.1222713025202314,0.21160583760646007,b,DHW 8.65 to 9.27,152.55875432489532,-21.719553131334045,-21.75,152.5,-0.1425354899590617,0.1425354899590617,FALSE,FALSE,197.96442985534668,373.87298583984375,211.65905306044084,7.622081279754639,0.03296703296703297,0.2042082546533585,FALSE,35.38330841064453,1.13,0.78,0.42,0.7766666666666667,1.13,El Nino,Weak,Weak El Nino,-2.9,-12.6,3.7,Neutral/mixed,mixed,-0.12479317298143155,0.18607183963182342,0.13737206119287007,TRUE,overestimated,FALSE,FALSE,0,2,-0.1425354899590617,-0.02767940357406183,-0.1425354899590617,mixed_or_not_outlying,1
ltmp,3755348,16-060,Michaelmas Reef (16-060),2016,Central GBR,0,leave_one_event_out,2016,formal_ensemble,0.41323274321226144,0.29492779736841435,0.1416869745069891,NA,NA,NA,4.62,0.4029285931619887,0.06752922823396648,0.16759601919543551,0.2031074567061742,NA,NA,146.01898802966645,-16.581758828067564,-16.5,146,-0.1416869745069891,0.1416869745069891,FALSE,FALSE,427.5445976257324,520.46868896484375,60.09013295337378,5.30230188369751,0.16483516483516483,NA,NA,NA,2.14,1.81,1.3,1.75,2.14,El Nino,Strong,Strong El Nino,-13.3,-19.7,-4.7,El Nino-like,coupled,-0.12510607543766838,0.26349619723487394,0.18269815185466792,TRUE,overestimated,FALSE,FALSE,0,2,-0.20429067374647625,-0.02061779187451242,-0.1416869745069891,mixed_or_not_outlying,1
manta,4067799,20-287,Credlin Reefs (East) (20-287),2020,Southern GBR,0,leave_one_event_out,2020,formal_ensemble,0.6807278449217518,0.2033066031698589,0.13890627477727122,NA,NA,NA,9.42,0.20111320881900838,0.026331912009666704,0.13093079347843373,0.14328757398651668,NA,NA,149.95119972010076,-20.540214608738697,-20.5,150,-0.13890627477727122,0.13890627477727122,FALSE,FALSE,480.8721523284912,770.2225341796875,107.88088100039306,6.663402557373047,0.03296703296703297,NA,NA,NA,0.14,0.1,0.02,0.08666666666666667,0.14,Neutral,Neutral,Neutral,-2.9000000000000004,-5.5,1.3,Neutral/mixed,coupled,-0.13560065903005758,0.3455628499188905,0.2356340865941916,TRUE,overestimated,FALSE,FALSE,0,3,-0.13890627477727122,-0.2832347981499,-0.13890627477727122,all_three_overestimate,1
manta,4284635,22-102,Chinaman Reef (22-102),2024,Southern GBR,0,leave_one_event_out,2024,formal_ensemble,0.671901806474093,0.2039734028414867,0.13757554765180935,NA,NA,NA,9.41,0.14325013683013463,0.025980546233700733,0.18136489645736498,0.19036409067758586,b,Aerial bl 3 2024 DHW 9.57,152.65826851868903,-22.00519196383544,-22,152.75,-0.13757554765180935,0.13757554765180935,FALSE,FALSE,197.96442985534668,373.87298583984375,221.91002299353315,7.634066581726074,0.05494505494505494,0.2042082546533585,FALSE,35.44133758544922,1.13,0.78,0.42,0.7766666666666667,1.13,El Nino,Weak,Weak El Nino,-2.9,-12.6,3.7,Neutral/mixed,mixed,-0.12479317298143155,0.18607183963182342,0.13737206119287007,TRUE,overestimated,FALSE,FALSE,0,2,-0.13757554765180935,-0.02520180272827322,-0.13757554765180935,mixed_or_not_outlying,1
manta,4206382,14-114,MacGillivray Reef (14-114),2016,Northern GBR,0.14105772044354065,leave_one_event_out,2016,formal_ensemble,0.5363180320965596,0.5190908657315815,0.2780462282403104,NA,NA,NA,8.61,0.012206575097515862,0.0010353731478545435,0.08482093786202573,0.07285628972132517,m,bleaching in sector. COTS and cyclone,145.49102944815397,-14.651902052216371,-14.75,145.5,-0.13698850779676974,0.13698850779676974,FALSE,FALSE,493.198748588562,493.6431884765625,38.660259476645,5.603195667266846,0.14285714285714285,NA,NA,NA,2.14,1.81,1.3,1.75,2.14,El Nino,Strong,Strong El Nino,-13.3,-19.7,-4.7,El Nino-like,coupled,-0.12681345470973923,0.3099776230742367,0.21962381496862002,TRUE,overestimated,FALSE,FALSE,0,2,-0.13698850779676974,-0.07251051659170535,-0.13698850779676974,mixed_or_not_outlying,1
manta,4067116,19-159,Slate Reef (19-159),2024,Central GBR,0,leave_one_event_out,2024,formal_ensemble,0.6885583821352572,0.187787782346761,0.13004926396320904,NA,NA,NA,8.61,0.6136352481490801,0.32420887055032777,0.5283413420729094,0.5748118603074418,NA,NA,149.92649486294198,-19.667045863894188,-19.75,150,-0.13004926396320904,0.13004926396320904,FALSE,FALSE,338.9319152832031,621.4276123046875,118.35940764116184,7.366249084472656,0.01098901098901099,0.40868626922039386,FALSE,34.98847198486328,1.13,0.78,0.42,0.7766666666666667,1.13,El Nino,Weak,Weak El Nino,-2.9,-12.6,3.7,Neutral/mixed,mixed,-0.12479317298143155,0.18607183963182342,0.13737206119287007,TRUE,overestimated,FALSE,FALSE,0,2,-0.13004926396320904,-0.05404920907589046,-0.13004926396320904,mixed_or_not_outlying,1
manta,4285500,12-061,Lagoon Reef (12-061),2022,Northern GBR,0,leave_one_event_out,2022,formal_ensemble,0.7053922661868806,0.18077757445809783,0.12809908853684412,NA,NA,NA,7.71,0.277758232567382,0.09621466183389726,0.34639715606109467,0.47062907693513956,NA,NA,143.7570675497904,-12.384435293155482,-12.5,143.75,-0.12809908853684412,0.12809908853684412,FALSE,FALSE,467.8847789764404,872.566162109375,54.279648353109025,5.084073066711426,0.13333333333333333,NA,NA,NA,-1.18,-1.13,-1.19,-1.1666666666666663,-1.19,La Nina,Moderate,Moderate La Nina,9.975,4.1,13.8,La Nina-like,coupled,-0.12532775235936464,0.33324206010750873,0.23017242157175022,TRUE,overestimated,FALSE,FALSE,0,2,-0.12809908853684412,-0.18717328217685136,-0.12809908853684412,mixed_or_not_outlying,1
