scheme,tail_features,learner,programme_key,n,severe_n,observed_mean,predicted_mean,rmse,mae,predictive_r2,bias,severe_observed,severe_predicted,severe_rmse,false_extreme_rate
leave_one_event_out,legacy_tail,Conservative tail (0.5 gate),pooled,537,32,0.11181916605593356,0.16043963624064705,0.20195460921895608,0.14440125601414042,-0.29545258935154384,0.048620470184713487,0.616500089234125,0.44924547596997366,0.40032714933193203,0.13507625272331156
leave_one_event_out,legacy_tail,Soft-gated tail,pooled,537,32,0.11181916605593356,0.17133559933743872,0.20974291113007737,0.1522327921253816,-0.39729648753551605,0.05951643328150517,0.616500089234125,0.457365387743136,0.3949819852523624,0.1655773420479303
leave_one_event_out,none,INLA only,pooled,537,32,0.11181916605593356,0.14954367314385536,0.19730134559402282,0.1384017486091102,-0.23644293860434296,0.03772450708792181,0.616500089234125,0.4411255641968113,0.406936779846062,0.11328976034858387
leave_one_event_out,wqc_threshold_tail,Conservative tail (0.5 gate),pooled,537,32,0.11181916605593356,0.16042251155996248,0.2018420015009665,0.14451693888665726,-0.29400833125390635,0.048603345504028936,0.616500089234125,0.44847319816917647,0.40009846553043715,0.13725490196078433
leave_one_event_out,wqc_threshold_tail,Soft-gated tail,pooled,537,32,0.11181916605593356,0.17130134997606963,0.2098319155367085,0.15233325213688878,-0.39848262471031526,0.059482183920136066,0.616500089234125,0.4558208321415417,0.39428671971485696,0.16339869281045752
leave_one_event_out,wqc_threshold_track_disease_tail,Conservative tail (0.5 gate),pooled,537,32,0.11181916605593356,0.1587091334123948,0.20066708469405384,0.14351935996732437,-0.27898740239706155,0.04688996735646123,0.616500089234125,0.44988119742043925,0.39790630393471543,0.13071895424836602
leave_one_event_out,wqc_threshold_track_disease_tail,Soft-gated tail,pooled,537,32,0.11181916605593356,0.16787459368093421,0.20637932770274264,0.1496325681587909,-0.35283979852148395,0.05605542762500066,0.616500089234125,0.45863683064406724,0.38990700575260395,0.15904139433551198
leave_one_event_out,wqc_threshold_track_tail,Conservative tail (0.5 gate),pooled,537,32,0.11181916605593356,0.15897616080420912,0.20064318068905687,0.1436637753669459,-0.2786827076800369,0.04715699474827558,0.616500089234125,0.45066881268987663,0.39686515858290067,0.13071895424836602
leave_one_event_out,wqc_threshold_track_tail,Soft-gated tail,pooled,537,32,0.11181916605593356,0.1684086484645629,0.2064127135798998,0.14967989698748987,-0.3532775303141884,0.05658948240862935,0.616500089234125,0.4602120611829419,0.3879963187430126,0.1568627450980392
reef_blocked_5fold,legacy_tail,Conservative tail (0.5 gate),pooled,537,32,0.11181916605593356,0.12256829961292062,0.13609501738701293,0.09167276130424863,0.4117005597572294,0.010749133556987063,0.616500089234125,0.3891917108493555,0.30010327136382675,0.058823529411764705
reef_blocked_5fold,legacy_tail,Soft-gated tail,pooled,537,32,0.11181916605593356,0.1352644109242629,0.14160556858029164,0.09564659092140629,0.3630950142288969,0.023445244868329326,0.616500089234125,0.41931030250815,0.2794103083785039,0.08061002178649238
reef_blocked_5fold,none,INLA only,pooled,537,32,0.11181916605593356,0.10987218830157836,0.13574374632480932,0.08980579911295915,0.41473352717414835,-0.001946977754355198,0.616500089234125,0.359073119190561,0.3253610702271464,0.037037037037037035
reef_blocked_5fold,wqc_threshold_tail,Conservative tail (0.5 gate),pooled,537,32,0.11181916605593356,0.12202309496356842,0.13653325666668903,0.0919697495056512,0.4079056960783116,0.010203928907634868,0.616500089234125,0.3867498031143424,0.30122961967949974,0.06535947712418301
reef_blocked_5fold,wqc_threshold_tail,Soft-gated tail,pooled,537,32,0.11181916605593356,0.13417400162555848,0.14184997476421696,0.09551935134472794,0.3608945661319849,0.022354835569624934,0.616500089234125,0.4144264870381238,0.2810179675755969,0.0784313725490196
reef_blocked_5fold,wqc_threshold_track_disease_tail,Conservative tail (0.5 gate),pooled,537,32,0.11181916605593356,0.12158167496121271,0.1364199777941521,0.09181135641549115,0.4088877857577812,0.009762508905279152,0.616500089234125,0.38745304673469794,0.3007896710685846,0.06753812636165578
reef_blocked_5fold,wqc_threshold_track_disease_tail,Soft-gated tail,pooled,537,32,0.11181916605593356,0.13329116162084706,0.14128370271658539,0.0954105261902117,0.3659870614527664,0.021471995564913502,0.616500089234125,0.41583297427883487,0.280398959329818,0.07407407407407407
reef_blocked_5fold,wqc_threshold_track_tail,Conservative tail (0.5 gate),pooled,537,32,0.11181916605593356,0.1218578936456353,0.13574108814830368,0.091467989422442,0.41475644869204087,0.010038727589701743,0.616500089234125,0.39212306541852,0.29856113214233226,0.06753812636165578
reef_blocked_5fold,wqc_threshold_track_tail,Soft-gated tail,pooled,537,32,0.11181916605593356,0.13384359898969223,0.1401228128852244,0.0948313840075438,0.37636328071012926,0.02202443293375868,0.616500089234125,0.425173011646479,0.27706260841635116,0.0784313725490196
leave_one_event_out,legacy_tail,Conservative tail (0.5 gate),ltmp,199,12,0.0887202187883077,0.13065257110107564,0.17957730486291237,0.12179130883517657,-0.15827689681862167,0.041932352312767956,0.61388975696167,0.42233073773966806,0.33835507160703965,0.0898876404494382
leave_one_event_out,legacy_tail,Soft-gated tail,ltmp,199,12,0.0887202187883077,0.13854408167550225,0.18355359874021226,0.12610586439732838,-0.2101391260176546,0.04982386288719455,0.61388975696167,0.44010080332120216,0.3279252587247213,0.10112359550561797
leave_one_event_out,none,INLA only,ltmp,199,12,0.0887202187883077,0.12276106052664906,0.1783745525814602,0.11909212944389139,-0.1428133075754181,0.03404084173834136,0.61388975696167,0.40456067215813396,0.3525077370189077,0.07865168539325842
leave_one_event_out,wqc_threshold_tail,Conservative tail (0.5 gate),ltmp,199,12,0.0887202187883077,0.13143713517531072,0.1800597231972469,0.12235131406078492,-0.16450847001032565,0.04271691638700301,0.61388975696167,0.42014169455499967,0.33832713022543454,0.0898876404494382
leave_one_event_out,wqc_threshold_tail,Soft-gated tail,ltmp,199,12,0.0887202187883077,0.14011320982397235,0.18538568419530577,0.1270391821117238,-0.23441697030175468,0.05139299103566466,0.61388975696167,0.43572271695186543,0.3271113338100073,0.10674157303370786
leave_one_event_out,wqc_threshold_track_disease_tail,Conservative tail (0.5 gate),ltmp,199,12,0.0887202187883077,0.12953353968197381,0.17871020714806574,0.12138763251400733,-0.14711830970432338,0.04081332089366613,0.61388975696167,0.42113710566737783,0.33706490741604167,0.08426966292134831
leave_one_event_out,wqc_threshold_track_disease_tail,Soft-gated tail,ltmp,199,12,0.0887202187883077,0.1363060188372986,0.18087034677135347,0.12392462894256555,-0.17501723767767574,0.04758580004899089,0.61388975696167,0.4377135391766217,0.3245220387044776,0.10112359550561797
leave_one_event_out,wqc_threshold_track_tail,Conservative tail (0.5 gate),ltmp,199,12,0.0887202187883077,0.13045179947476115,0.17930886581800243,0.12206864672689648,-0.15481661154986193,0.04173158068645345,0.61388975696167,0.4210660760676376,0.3370983678475061,0.08426966292134831
leave_one_event_out,wqc_threshold_track_tail,Soft-gated tail,ltmp,199,12,0.0887202187883077,0.13814253842287325,0.1826658990219562,0.1252782276483044,-0.19846250888932127,0.04942231963456554,0.61388975696167,0.43757147997714124,0.3249904572642509,0.10674157303370786
leave_one_event_out,legacy_tail,Conservative tail (0.5 gate),manta,248,7,0.10298413264736025,0.12970381575773782,0.1866153319407565,0.13583786215960836,-0.4662651904478652,0.026719683110377555,0.570184371369407,0.3875583466867052,0.4007693144639079,0.0892018779342723
leave_one_event_out,legacy_tail,Soft-gated tail,manta,248,7,0.10298413264736025,0.13807453524440388,0.19221648093886987,0.14173892173539882,-0.5556042649374116,0.035090402597043636,0.570184371369407,0.38947027473090867,0.39810918436084525,0.11267605633802817
leave_one_event_out,none,INLA only,manta,248,7,0.10298413264736025,0.12133309627107174,0.1834142787629308,0.13139440219726858,-0.41639428550074187,0.018348963623711474,0.570184371369407,0.38564641864250176,0.40344268340533856,0.07511737089201878
leave_one_event_out,wqc_threshold_tail,Conservative tail (0.5 gate),manta,248,7,0.10298413264736025,0.12934740112841098,0.1866521568537831,0.13610236147066085,-0.4668439254852472,0.026363268481050712,0.570184371369407,0.38776508630788487,0.40048586108683826,0.0892018779342723
leave_one_event_out,wqc_threshold_tail,Soft-gated tail,manta,248,7,0.10298413264736025,0.1373617059857502,0.19232368420084736,0.14160876030474184,-0.5573399366673504,0.03437757333838995,0.570184371369407,0.389883753973268,0.39753630803744455,0.11267605633802817
leave_one_event_out,wqc_threshold_track_disease_tail,Conservative tail (0.5 gate),manta,248,7,0.10298413264736025,0.1281115625789465,0.18632600633590315,0.13562830814288102,-0.46172216388849385,0.025127429931586228,0.570184371369407,0.3887309035951052,0.3989306305059564,0.07981220657276995
leave_one_event_out,wqc_threshold_track_disease_tail,Soft-gated tail,manta,248,7,0.10298413264736025,0.13489002888682122,0.19081027059174627,0.14052026301747053,-0.5329266551787952,0.03190589623946098,0.570184371369407,0.3918153885477087,0.39442421336369626,0.10328638497652583
leave_one_event_out,wqc_threshold_track_tail,Conservative tail (0.5 gate),manta,248,7,0.10298413264736025,0.1284987456495386,0.18666415403273828,0.13603762165742816,-0.4670324960855625,0.025514613002178346,0.570184371369407,0.38808237073562585,0.3998419299334339,0.08450704225352113
leave_one_event_out,wqc_threshold_track_tail,Soft-gated tail,manta,248,7,0.10298413264736025,0.13566439502800548,0.19169553608710915,0.14129730733318374,-0.5471836978936586,0.03268026238064522,0.570184371369407,0.39051832282875,0.3962457873761077,0.107981220657277
leave_one_event_out,legacy_tail,Conservative tail (0.5 gate),mmp,90,13,0.18723893040686382,0.31099640782438254,0.27583968827875627,0.21799126895344886,-0.4152588733317699,0.12375747741751873,0.6438488594127777,0.5073059962581695,0.4498081890397488,0.39705882352941174
leave_one_event_out,legacy_tail,Soft-gated tail,mmp,90,13,0.18723893040686382,0.3354939983351942,0.29356353345280806,0.23891877517647409,-0.6029744221376621,0.14825506792833043,0.6438488594127777,0.5098608342161204,0.44656711401375054,0.5
leave_one_event_out,none,INLA only,mmp,90,13,0.18723893040686382,0.28649881731357085,0.2630936319106227,0.2004065944315019,-0.2874875920944553,0.09925988690670705,0.6438488594127777,0.5047511583002187,0.4530765703563239,0.3235294117647059
leave_one_event_out,wqc_threshold_tail,Conservative tail (0.5 gate),mmp,90,13,0.18723893040686382,0.31014159253296786,0.2745810102716712,0.21671443377016517,-0.40237246820347705,0.12290266212610405,0.6438488594127777,0.5073143386614197,0.4494625498869759,0.4117647058823529
leave_one_event_out,wqc_threshold_tail,Soft-gated tail,mmp,90,13,0.18723893040686382,0.33378436775236486,0.2911944710161833,0.23781318446333627,-0.5772067573651145,0.14654543734550105,0.6438488594127777,0.5098775190226209,0.44588001534150506,0.47058823529411764
leave_one_event_out,wqc_threshold_track_disease_tail,Conservative tail (0.5 gate),mmp,90,13,0.18723893040686382,0.3075329191796054,0.27199036075059085,0.21419930014145822,-0.3760347635855845,0.12029398877274156,0.6438488594127777,0.5093412864830604,0.44628113744621867,0.4117647058823529
leave_one_event_out,wqc_threshold_track_disease_tail,Soft-gated tail,mmp,90,13,0.18723893040686382,0.3285670210456399,0.28543744477042693,0.23158514125963847,-0.5154592734796068,0.14132809063877605,0.6438488594127777,0.5139314146659023,0.43958995547834007,0.4852941176470588
leave_one_event_out,wqc_threshold_track_tail,Conservative tail (0.5 gate),mmp,90,13,0.18723893040686382,0.30602890372552516,0.2703702311174617,0.2124272944706152,-0.35969069141425414,0.11878997331866131,0.6438488594127777,0.5116948075473091,0.4435281478630975,0.39705882352941174
leave_one_event_out,wqc_threshold_track_tail,Soft-gated tail,mmp,90,13,0.18723893040686382,0.3255589901374794,0.28139008684207883,0.2267333906848881,-0.4727870837706398,0.1383200597306156,0.6438488594127777,0.5186384567943997,0.4341938552884342,0.4411764705882353
reef_blocked_5fold,legacy_tail,Conservative tail (0.5 gate),ltmp,199,12,0.0887202187883077,0.09491357119231068,0.12312783300196631,0.07675091119422342,0.4554698042387635,0.006193352404002979,0.61388975696167,0.39237922759308425,0.30647801832001326,0.016853932584269662
reef_blocked_5fold,legacy_tail,Soft-gated tail,ltmp,199,12,0.0887202187883077,0.10427435397260235,0.12575384598042402,0.0791408440461362,0.4319951452857257,0.015554135184294653,0.61388975696167,0.4244108019851246,0.2864270972159632,0.0449438202247191
reef_blocked_5fold,none,INLA only,ltmp,199,12,0.0887202187883077,0.085552788412019,0.12400652249174765,0.07483554150305655,0.4476701015162251,-0.003167430376288695,0.61388975696167,0.3603476532010439,0.3314047853298672,0.011235955056179775
reef_blocked_5fold,wqc_threshold_tail,Conservative tail (0.5 gate),ltmp,199,12,0.0887202187883077,0.09530364234136288,0.12392983652181944,0.07709093367975571,0.4483530149084616,0.006583423553055172,0.61388975696167,0.3921033843433785,0.30533212447085656,0.033707865168539325
reef_blocked_5fold,wqc_threshold_tail,Soft-gated tail,ltmp,199,12,0.0887202187883077,0.10505449627070673,0.12754896886792746,0.07982767358750262,0.4156629826702367,0.01633427748239904,0.61388975696167,0.42385911548571303,0.2836475077666353,0.0449438202247191
reef_blocked_5fold,wqc_threshold_track_disease_tail,Conservative tail (0.5 gate),ltmp,199,12,0.0887202187883077,0.09505941805535541,0.12408718809733854,0.07705979512457024,0.4469512922804849,0.006339199267047704,0.61388975696167,0.3927079219883121,0.3051663729729679,0.028089887640449437
reef_blocked_5fold,wqc_threshold_track_disease_tail,Soft-gated tail,ltmp,199,12,0.0887202187883077,0.1045660476986918,0.12764812404389908,0.07974787162971762,0.4147541150992683,0.0158458289103841,0.61388975696167,0.4250681907755803,0.28349714563543804,0.033707865168539325
reef_blocked_5fold,wqc_threshold_track_tail,Conservative tail (0.5 gate),ltmp,199,12,0.0887202187883077,0.09548212898087453,0.12362514595400154,0.07691103480052411,0.451062209358152,0.0067619101925668395,0.61388975696167,0.3939858954033699,0.30379845171756026,0.028089887640449437
reef_blocked_5fold,wqc_threshold_track_tail,Soft-gated tail,ltmp,199,12,0.0887202187883077,0.10541146954973007,0.1270859091623929,0.07946249495166129,0.4198980895653629,0.01669125076142237,0.61388975696167,0.427624137605696,0.2810953698762858,0.03932584269662921
reef_blocked_5fold,legacy_tail,Conservative tail (0.5 gate),manta,248,7,0.10298413264736025,0.10324174941387114,0.11902061231167266,0.08239101276302087,0.40356620751870687,2.576167665108866e-4,0.570184371369407,0.36673683100369114,0.2658392078735104,0.023474178403755867
reef_blocked_5fold,legacy_tail,Soft-gated tail,manta,248,7,0.10298413264736025,0.11292468894107417,0.12192444135110168,0.08525409388607766,0.3741079577356067,0.009940556293713914,0.570184371369407,0.39475701892361575,0.24119511199506943,0.04225352112676056
reef_blocked_5fold,none,INLA only,manta,248,7,0.10298413264736025,0.0935588098866681,0.11945969942661895,0.08070895245226394,0.3991574003442069,-0.009425322760692141,0.570184371369407,0.33871664308376653,0.2952982923323382,0.014084507042253521
reef_blocked_5fold,wqc_threshold_tail,Conservative tail (0.5 gate),manta,248,7,0.10298413264736025,0.10302816772707377,0.11891084922758652,0.08220975499407844,0.4046657855507202,4.4035079713511644e-5,0.570184371369407,0.36439271193971945,0.2676135740414472,0.023474178403755867
reef_blocked_5fold,wqc_threshold_tail,Soft-gated tail,manta,248,7,0.10298413264736025,0.11249752556747941,0.12139999687678223,0.08490997500060771,0.3794807880454061,0.009513392920119164,0.570184371369407,0.3900687807956724,0.24377492914575857,0.03755868544600939
reef_blocked_5fold,wqc_threshold_track_disease_tail,Conservative tail (0.5 gate),manta,248,7,0.10298413264736025,0.10378373202249443,0.11993508645355999,0.08256189598451982,0.39436580764979556,7.99599375134166e-4,0.570184371369407,0.36565387859067233,0.26632396293851063,0.03286384976525822
reef_blocked_5fold,wqc_threshold_track_disease_tail,Soft-gated tail,manta,248,7,0.10298413264736025,0.11400865415832073,0.1242211575186129,0.08633119682740975,0.35030574767481226,0.011024521510960473,0.570184371369407,0.3925911140975782,0.24131682134412769,0.04225352112676056
reef_blocked_5fold,wqc_threshold_track_tail,Conservative tail (0.5 gate),manta,248,7,0.10298413264736025,0.10349551402785005,0.11950406351883544,0.0825744972841414,0.3987110441880466,5.113813804898005e-4,0.570184371369407,0.3654681518924973,0.2668493140636377,0.03286384976525822
reef_blocked_5fold,wqc_threshold_track_tail,Soft-gated tail,manta,248,7,0.10298413264736025,0.113432218169032,0.1228991250235686,0.08600651724707481,0.3640609949828245,0.010448085521671742,0.570184371369407,0.39221966070122816,0.24178972959536008,0.046948356807511735
reef_blocked_5fold,legacy_tail,Conservative tail (0.5 gate),mmp,90,13,0.18723893040686382,0.2369713596692056,0.19482637719752985,0.1502430036389098,0.2939785601401509,0.04973242926234178,0.6438488594127777,0.39834047684896357,0.31134255828645424,0.27941176470588236
reef_blocked_5fold,legacy_tail,Soft-gated tail,mmp,90,13,0.18723893040686382,0.26534521520438786,0.2090811767004791,0.16077973417629798,0.18688447912846506,0.07810628479752402,0.6438488594127777,0.42782314799799953,0.29174969449783067,0.29411764705882354
reef_blocked_5fold,none,INLA only,mmp,90,13,0.18723893040686382,0.20859750413402336,0.19136057332576428,0.14797356840432613,0.3188742380692636,0.021358573727159557,0.6438488594127777,0.36885780569992765,0.33502666731564257,0.17647058823529413
reef_blocked_5fold,wqc_threshold_tail,Conservative tail (0.5 gate),mmp,90,13,0.18723893040686382,0.23344435081323042,0.19571419346007196,0.1517626715970207,0.2875292742048906,0.0462054204063666,0.6438488594127777,0.39384646953541375,0.3142274324344971,0.27941176470588236
reef_blocked_5fold,wqc_threshold_tail,Soft-gated tail,mmp,90,13,0.18723893040686382,0.25829119749243745,0.2085054487317531,0.15945012031172415,0.19135631945643328,0.07105226708557365,0.6438488594127777,0.4188351333708999,0.2968579980010382,0.29411764705882354
reef_blocked_5fold,wqc_threshold_track_disease_tail,Conservative tail (0.5 gate),mmp,90,13,0.18723893040686382,0.22926855243974315,0.1932851820166039,0.14991609956853727,0.3051044972253487,0.04202962203287931,0.6438488594127777,0.3943404062704525,0.31392849309759946,0.27941176470588236
reef_blocked_5fold,wqc_threshold_track_disease_tail,Soft-gated tail,mmp,90,13,0.18723893040686382,0.2499396007454629,0.20137652920028437,0.15506099218480288,0.24570699114369277,0.06270067033859908,0.6438488594127777,0.4198230068409774,0.2966311109438421,0.27941176470588236
reef_blocked_5fold,wqc_threshold_track_tail,Conservative tail (0.5 gate),mmp,90,13,0.18723893040686382,0.23077619712894787,0.19181806410630697,0.14816154520088878,0.31561357432127746,0.04353726672208404,0.6438488594127777,0.4047561757926707,0.30964720644010324,0.27941176470588236
reef_blocked_5fold,wqc_threshold_track_tail,Soft-gated tail,mmp,90,13,0.18723893040686382,0.25295489012387234,0.1995500234903679,0.15313111599328744,0.2593279673341907,0.06571595971700853,0.6438488594127777,0.44065454588541375,0.2907585372096582,0.27941176470588236
