programme_key,candidate,component,term,mean,sd,q025,q50,q975
manta,legacy_history,occurrence,(Intercept),-0.2618347111969613,0.5364370512463292,-1.304854507493686,-0.26634186572421753,0.8070012244059943
manta,legacy_history,occurrence,ann_maxdhw_z,0.1657128396083024,0.33638073640742944,-0.49359270039890046,0.16559945496340764,0.8256639276617269
manta,legacy_history,occurrence,dhw_excess4_z,0.07558760724196922,0.33466396681866983,-0.5809331938865229,0.07567554699211232,0.7316088107186984
manta,legacy_history,occurrence,dhw_excess8_z,0.1002285764593041,0.29338562908044513,-0.47541130945442844,0.10033661690254189,0.6752549591227542
manta,legacy_history,occurrence,prop_acropora_pre_z,-0.20289993571352347,0.2442533740676844,-0.6819527054182478,-0.20287875641761316,0.2760302941279198
manta,legacy_history,occurrence,observed_pre_cover_z,0.7654594471550815,0.21245576582431233,0.34975788910066313,0.7651103433488642,1.183164557806055
manta,legacy_history,occurrence,dhw10_load4_z,-0.04084162548364334,0.2751846155797568,-0.5831940768255759,-0.03996894203093518,0.4964736465391146
manta,legacy_history,occurrence,dhw_novelty10_z,0.23461727638272326,0.33705667339686984,-0.42647823912513527,0.23466346530361354,0.8954513841750823
manta,legacy_history,occurrence,secc3m_p10_z,-0.011346669594802284,0.16727524909262076,-0.3403607956637084,-0.011016802832616376,0.31580011718240025
manta,legacy_history,occurrence,cloudp_90_z,0.018641560018030526,0.24199678482592793,-0.4603820439766312,0.020074962991299038,0.48937350344141795
manta,legacy_history,occurrence,histmDHW6_z,-0.0752999229800164,0.2359502857158254,-0.5366172657636918,-0.07579984383331816,0.38885193136202395
manta,legacy_history,occurrence,yrsince6_z,0.047473950317220716,0.26079045981135013,-0.4645254134409774,0.04766647224135735,0.5583797531302208
manta,legacy_history,occurrence,dhw4_x_acropora,0.037355260045290835,0.22423510975432723,-0.40191996199688,0.03719362634470536,0.4775487134056538
manta,legacy_history,occurrence,dhw8_x_acropora,0.19408262586512023,0.24980596687036688,-0.2961352895243502,0.19420423538518264,0.6836098035682813
manta,legacy_history,occurrence,dhw_x_history_count,-0.2499289137967053,0.25925967141082595,-0.7587437709981728,-0.24978460064735042,0.25806633780358473
manta,legacy_history,occurrence,dhw_x_recovery,0.28335932114373047,0.2593168547432771,-0.22504469179227127,0.2833207760669499,0.7919821525514951
manta,legacy_history,positive magnitude,(Intercept),-1.0467866561664632,0.383563331742234,-1.7899357920207508,-1.0505532040118386,-0.2808100372421647
manta,legacy_history,positive magnitude,ann_maxdhw_z,0.20652568437460048,0.2903630576944389,-0.3632333291007184,0.20664044536232573,0.7756327240267451
manta,legacy_history,positive magnitude,dhw_excess4_z,-0.3234631815540751,0.28694074177470325,-0.8858658694197138,-0.32358895612142724,0.23965793984354056
manta,legacy_history,positive magnitude,dhw_excess8_z,0.06030690292361385,0.15253199120185612,-0.2394138326289144,0.06045347387033187,0.3591837310344014
manta,legacy_history,positive magnitude,prop_acropora_pre_z,0.030829977369928534,0.19017863998293058,-0.3431257985421115,0.031144516476724,0.4029884721009974
manta,legacy_history,positive magnitude,observed_pre_cover_z,0.1689949227847468,0.09708489687368023,-0.020570338406335126,0.16863267562810513,0.36058944272745586
manta,legacy_history,positive magnitude,dhw10_load4_z,-0.045745430004022716,0.1667199653196176,-0.3716378021412733,-0.046247397856070474,0.28305247349587304
manta,legacy_history,positive magnitude,dhw_novelty10_z,0.169083876363673,0.2306361164730908,-0.28389622765296396,0.16924670089198876,0.6211937202193643
manta,legacy_history,positive magnitude,secc3m_p10_z,-0.09434680651125123,0.08861036897761927,-0.2688917326929755,-0.09416879675872222,0.07908374254749825
manta,legacy_history,positive magnitude,cloudp_90_z,0.20677264220456562,0.15160197484187085,-0.09739161329515753,0.20916013673080042,0.4976727463102608
manta,legacy_history,positive magnitude,histmDHW6_z,-0.05803671042409679,0.12910667260835695,-0.3098268563581507,-0.05859817962921635,0.19693603625342326
manta,legacy_history,positive magnitude,yrsince6_z,-0.15103005148217102,0.1576504630501642,-0.46126274311982973,-0.15073687398925734,0.15754156014471035
manta,legacy_history,positive magnitude,dhw4_x_acropora,-0.16348400755802478,0.1531166732372433,-0.4628792413068964,-0.16383710421903022,0.13792837465636706
manta,legacy_history,positive magnitude,dhw8_x_acropora,0.17310919113131346,0.11310275357755817,-0.04936109156647203,0.17329194494488673,0.39451881856641924
manta,legacy_history,positive magnitude,dhw_x_history_count,-0.08033508689708926,0.14242241651073168,-0.36126223371731536,-0.07980544141233509,0.19759074595570106
manta,legacy_history,positive magnitude,dhw_x_recovery,0.08776942399174827,0.13510163053645718,-0.17779710894181922,0.08793829084865577,0.35236476747600765
manta,paper_history,occurrence,(Intercept),-0.3112971401505624,0.5394281437566047,-1.3569720096247555,-0.3168513604259176,0.7660085416439194
manta,paper_history,occurrence,ann_maxdhw_z,0.1837043652683927,0.3391603251049353,-0.481058156008796,0.1835939391959874,0.8490951143600294
manta,paper_history,occurrence,dhw_excess4_z,0.13653744021378716,0.3372224446296984,-0.5249878320940933,0.1366204882656935,0.797591180811585
manta,paper_history,occurrence,dhw_excess8_z,0.15533226324994853,0.2931843791897175,-0.41993706145885407,0.1554479911533934,0.7299454723471197
manta,paper_history,occurrence,prop_acropora_pre_z,-0.1390663363192527,0.24586795965742228,-0.6211170786245036,-0.13910205069236842,0.34318555805141904
manta,paper_history,occurrence,observed_pre_cover_z,0.7787012970697336,0.21167873385919647,0.36442288014899443,0.7783915690162638,1.1947500152725814
manta,paper_history,occurrence,dhw10_load4_z,-0.13547644161216216,0.3501048862010089,-0.8222444865518094,-0.1354011412828018,0.5508602511334028
manta,paper_history,occurrence,dhw_novelty10_z,0.1652744576223989,0.32572644808315177,-0.473679156647417,0.165344687253896,0.803829763154774
manta,paper_history,occurrence,secc3m_p10_z,0.019122440462450596,0.1676227143219809,-0.31065063837916657,0.019480328347551347,0.3468709709199506
manta,paper_history,occurrence,cloudp_90_z,0.021965107738747332,0.24880140282725918,-0.46838336733149316,0.02275846085965691,0.5077507545427419
manta,paper_history,occurrence,dhw_events_since2016_n6_z,0.43484264508699677,0.3452269463541091,-0.24246954944564642,0.4349628367008895,1.111470151527731
manta,paper_history,occurrence,dhw_years_since_last_n6_capped8_z,0.5094589049970547,0.2721748075659749,-0.025119139242246846,0.5097582008641639,1.042336355443104
manta,paper_history,occurrence,dhw_no_prior_n6,-0.03024846857547949,0.3538649010753597,-0.7255580362236542,-0.02976551730090744,0.6623219284485643
manta,paper_history,occurrence,dhw4_x_acropora,-0.04827464012053366,0.22760043687389359,-0.49425680531201094,-0.048397623464543266,0.398405824855838
manta,paper_history,occurrence,dhw8_x_acropora,0.25163637196971506,0.25702004037475784,-0.2528202595544374,0.25178910606145133,0.755225702052623
manta,paper_history,occurrence,dhw_x_history_count,-0.18322469678043085,0.2705773184692774,-0.7140726278209095,-0.18313321942036698,0.34710157812529596
manta,paper_history,occurrence,dhw_x_recovery,0.4329483930205294,0.23147034886819873,-0.02098202838659663,0.43296018332873654,0.8868111848937272
manta,paper_history,positive magnitude,(Intercept),-1.250360288415088,0.3741358709147612,-1.9774861557210617,-1.2532416327319555,-0.506131878874403
manta,paper_history,positive magnitude,ann_maxdhw_z,0.3986188289700167,0.29614292908915624,-0.1831972932479804,0.3989819004869116,0.9783654654167383
manta,paper_history,positive magnitude,dhw_excess4_z,-0.29773813846858216,0.28510078226114843,-0.8563580831742822,-0.2979339172757606,0.26200153361415346
manta,paper_history,positive magnitude,dhw_excess8_z,0.14224974947742555,0.14305107451415222,-0.13905469535203938,0.14244774135221955,0.42242028528117526
manta,paper_history,positive magnitude,prop_acropora_pre_z,0.05853079495858673,0.18566157436358546,-0.30622105883443956,0.05871049783143726,0.42226166958806916
manta,paper_history,positive magnitude,observed_pre_cover_z,0.1108684014375807,0.08865491947761046,-0.06267246975480785,0.11068794025909369,0.28542907519920324
manta,paper_history,positive magnitude,dhw10_load4_z,-0.11762572555207033,0.2687047755867203,-0.6420909882224732,-0.11855051880067893,0.4121233619677248
manta,paper_history,positive magnitude,dhw_novelty10_z,-0.11880202128248323,0.22967846464734365,-0.5688103676138849,-0.11901441269144007,0.33238658924354353
manta,paper_history,positive magnitude,secc3m_p10_z,-0.08318800629813343,0.08462328290236644,-0.2499971117222767,-0.08296077696588113,0.08230809778581347
manta,paper_history,positive magnitude,cloudp_90_z,0.18801222408806414,0.14714547855357998,-0.1038907527861282,0.18899132465846064,0.4742417442574965
manta,paper_history,positive magnitude,dhw_events_since2016_n6_z,0.28625160912294756,0.2611246898439015,-0.2273661239724052,0.286752913459851,0.796999984156889
manta,paper_history,positive magnitude,dhw_years_since_last_n6_capped8_z,0.4223009168898433,0.18785834427165202,0.05216691145916441,0.42286375203628207,0.7892140584646927
manta,paper_history,positive magnitude,dhw_no_prior_n6,0.2585487886776739,0.20615869499283737,-0.14979691041070525,0.2598732714017189,0.6593788387125574
manta,paper_history,positive magnitude,dhw4_x_acropora,-0.19974445244231093,0.14797198449022916,-0.49035728500499126,-0.1996645264373635,0.09040111798374934
manta,paper_history,positive magnitude,dhw8_x_acropora,0.19017220972359128,0.10916365150389483,-0.024059934374959124,0.19017420347843955,0.4043916521957924
manta,paper_history,positive magnitude,dhw_x_history_count,-0.024301284536019388,0.18797374503574982,-0.3947449925080142,-0.023744879579958456,0.3429613324395637
manta,paper_history,positive magnitude,dhw_x_recovery,0.03164844929072067,0.14595357512211546,-0.2547817270225318,0.031696195185158496,0.31780709693267034
ltmp,legacy_history,occurrence,(Intercept),-0.4246781402193123,0.49408998338517096,-1.3857806920257947,-0.4283910676616186,0.5580600010401331
ltmp,legacy_history,occurrence,ann_maxdhw_z,-0.03330261153782242,0.33884914272219785,-0.6972999815178779,-0.03346776916777741,0.6316352311840575
ltmp,legacy_history,occurrence,dhw_excess4_z,0.07480271682314596,0.3309377893248391,-0.5745500000811423,0.07494084669921164,0.7233702428577784
ltmp,legacy_history,occurrence,dhw_excess8_z,0.463479384423531,0.3383476725712661,-0.20028551663921484,0.46357530131496144,1.1267014371276942
ltmp,legacy_history,occurrence,prop_acropora_pre_z,0.17712433759820903,0.2609627661848485,-0.33497130732762176,0.17722167291184088,0.6886633535045046
ltmp,legacy_history,occurrence,observed_pre_cover_z,0.09990766729488676,0.20881070646772557,-0.309149051917181,0.09972266893441917,0.5100774807272794
ltmp,legacy_history,occurrence,dhw10_load4_z,0.1449140007541837,0.28879797776922655,-0.42192941015384766,0.14502605896721876,0.7111179785347985
ltmp,legacy_history,occurrence,dhw_novelty10_z,0.3949658657191076,0.3397141413790131,-0.2713050189256863,0.39499254231296477,1.0610822992692925
ltmp,legacy_history,occurrence,secc3m_p10_z,-0.18412436869191767,0.1748173214684953,-0.5275138169814833,-0.18397653646559375,0.15839736214755507
ltmp,legacy_history,occurrence,cloudp_90_z,0.19863930291865994,0.26601663235365763,-0.3238494413572614,0.19887910210702447,0.7197745131912519
ltmp,legacy_history,occurrence,histmDHW6_z,-0.4972737159892076,0.26540830916423264,-1.016696193169718,-0.4976623772875007,0.02434736102289914
ltmp,legacy_history,occurrence,yrsince6_z,-0.07472725594376611,0.2828486483790058,-0.6289720393622906,-0.0749042291265427,0.4805236163606373
ltmp,legacy_history,occurrence,dhw4_x_acropora,0.2654430260656205,0.22915580697191656,-0.1824976897257054,0.26491781376068696,0.7163839619346499
ltmp,legacy_history,occurrence,dhw8_x_acropora,0.3399634813428495,0.3532646384960361,-0.3532981802406188,0.34013840118548677,1.0322274955886115
ltmp,legacy_history,occurrence,dhw_x_history_count,-0.37342193126464407,0.2884751003703058,-0.9394370036350397,-0.3733293031247304,0.19206326508489568
ltmp,legacy_history,occurrence,dhw_x_recovery,0.1406082769898594,0.2959643345379333,-0.4398050624550134,0.14061568952042067,0.7209794384510956
ltmp,legacy_history,positive magnitude,(Intercept),-1.2393552656160842,0.44976018826167213,-2.0995658660602503,-1.2480188795363474,-0.3285749203043242
ltmp,legacy_history,positive magnitude,ann_maxdhw_z,0.3522399637541739,0.2920946308300066,-0.2214720337521699,0.35256001187715535,0.9241339748519073
ltmp,legacy_history,positive magnitude,dhw_excess4_z,-0.2560431810905662,0.290919126596628,-0.8265655360825983,-0.2560435423165872,0.3144775633792864
ltmp,legacy_history,positive magnitude,dhw_excess8_z,-0.05610327071140879,0.15734430304870295,-0.363205654685314,-0.05668146686630997,0.2542681188910511
ltmp,legacy_history,positive magnitude,prop_acropora_pre_z,-0.15128763604802611,0.1993876491932441,-0.5402742770361445,-0.1520735577180414,0.24225740137955193
ltmp,legacy_history,positive magnitude,observed_pre_cover_z,0.02793824805706842,0.14389119435173986,-0.2543380613758993,0.027883213475623524,0.3105386503076675
ltmp,legacy_history,positive magnitude,dhw10_load4_z,0.11166856141942119,0.20733007315202315,-0.2955397238775565,0.11176059442399988,0.5183301259841688
ltmp,legacy_history,positive magnitude,dhw_novelty10_z,0.24299286250287908,0.25166117845417635,-0.24714364011280018,0.24166616177946007,0.7408269908038786
ltmp,legacy_history,positive magnitude,secc3m_p10_z,-0.0075640220884854465,0.1112276078866842,-0.22713658594649475,-0.007181341641137478,0.20975227475183184
ltmp,legacy_history,positive magnitude,cloudp_90_z,-0.048870606237430184,0.1798415868343587,-0.40261591372819705,-0.04858038641282007,0.3031904747399787
ltmp,legacy_history,positive magnitude,histmDHW6_z,-0.06958216303740616,0.17451279247623475,-0.4124682760745974,-0.06942060810697459,0.2725644620247442
ltmp,legacy_history,positive magnitude,yrsince6_z,2.1880049655095439e-4,0.19736483000250765,-0.3846967576957333,-6.424453543064953e-4,0.3901839524829383
ltmp,legacy_history,positive magnitude,dhw4_x_acropora,0.27123996588088406,0.16686379595885087,-0.056628222010277784,0.2714082544422167,0.598127051595358
ltmp,legacy_history,positive magnitude,dhw8_x_acropora,-0.07273828041533117,0.12368488539772812,-0.31561251355289327,-0.07267690570090558,0.16984499614927817
ltmp,legacy_history,positive magnitude,dhw_x_history_count,-0.44838726404171275,0.16996549839097322,-0.7802776867938832,-0.4489287176987046,-0.11339930346472493
ltmp,legacy_history,positive magnitude,dhw_x_recovery,-0.23547807624379297,0.16998165370934654,-0.5673538049619389,-0.23605873043404124,0.09974778524212735
ltmp,paper_history,occurrence,(Intercept),-0.509903638189891,0.5025405943974397,-1.4866184396817186,-0.5138389650966103,0.4896341663707986
ltmp,paper_history,occurrence,ann_maxdhw_z,0.02042482925000299,0.34192124671493973,-0.6495339476034715,0.02023756884254563,0.6914496220952492
ltmp,paper_history,occurrence,dhw_excess4_z,0.08344231940716558,0.33431956158870324,-0.5725107809653915,0.08356800550787202,0.7386814790037335
ltmp,paper_history,occurrence,dhw_excess8_z,0.4175168557711628,0.3204219041987694,-0.21097585159560434,0.4175721632258319,1.045697318873965
ltmp,paper_history,occurrence,prop_acropora_pre_z,0.2198206943701486,0.2589798089732579,-0.2882187680751891,0.21986753373884987,0.7275934043703807
ltmp,paper_history,occurrence,observed_pre_cover_z,0.07090566527121152,0.20294795878490263,-0.32661145460464447,0.07070976462318164,0.4695815730263715
ltmp,paper_history,occurrence,dhw10_load4_z,0.016301992903372396,0.3565452682145736,-0.6829293542352068,0.01631261439995525,0.7154734341501147
ltmp,paper_history,occurrence,dhw_novelty10_z,0.5009837951909618,0.32174653904517864,-0.12990681922155767,0.500962445366266,1.1319949234572095
ltmp,paper_history,occurrence,secc3m_p10_z,-0.13147452856955735,0.17227392063135102,-0.470141473188888,-0.13123358748131084,0.20579552538253612
ltmp,paper_history,occurrence,cloudp_90_z,0.19063845786713146,0.26997658554704485,-0.3390738761690754,0.1907004898633955,0.7199960408772961
ltmp,paper_history,occurrence,dhw_events_since2016_n6_z,0.316614446368981,0.33718575122371025,-0.34487809709110334,0.31671598591872624,0.9775308168032966
ltmp,paper_history,occurrence,dhw_years_since_last_n6_capped8_z,0.28153555235716166,0.2774397735682973,-0.2634941512189696,0.2818754766768889,0.8246512084639095
ltmp,paper_history,occurrence,dhw_no_prior_n6,0.38961640772288164,0.37105658392640795,-0.33890800165973367,0.3899083182909207,1.1164732730062972
ltmp,paper_history,occurrence,dhw4_x_acropora,0.22133980707453016,0.22793464369237346,-0.22458229366889834,0.22095517036440987,0.6694582030561796
ltmp,paper_history,occurrence,dhw8_x_acropora,0.41837062024786925,0.3568397716133608,-0.28200053599965624,0.4185868507310935,1.1175115872528734
ltmp,paper_history,occurrence,dhw_x_history_count,-0.05360924758955884,0.2641215332242185,-0.5717369143024188,-0.05354647258627309,0.46415677613649375
ltmp,paper_history,occurrence,dhw_x_recovery,0.28044406476303535,0.23619424719166324,-0.18275451744370047,0.28045271582870246,0.7435949769640073
ltmp,paper_history,positive magnitude,(Intercept),-1.3431335959795854,0.44402192105188665,-2.192195126772675,-1.3514967715983845,-0.4460297816636052
ltmp,paper_history,positive magnitude,ann_maxdhw_z,0.3958425767742248,0.29695746980360255,-0.18768267593107613,0.39626218944735214,0.9770011180189784
ltmp,paper_history,positive magnitude,dhw_excess4_z,-0.29200063953264344,0.2990787884004671,-0.8782240697934092,-0.29210413965467896,0.2948168239387622
ltmp,paper_history,positive magnitude,dhw_excess8_z,0.06050778956677238,0.1526204293259681,-0.2392316530841595,0.06062308275998658,0.35960739761746147
ltmp,paper_history,positive magnitude,prop_acropora_pre_z,-0.12369235865180048,0.19081404232939744,-0.49619041658045077,-0.12435215625057353,0.2525967165386048
ltmp,paper_history,positive magnitude,observed_pre_cover_z,0.15990593931262484,0.13960545263255292,-0.11562270823610302,0.16043754568455346,0.4324006066577608
ltmp,paper_history,positive magnitude,dhw10_load4_z,-0.09299072165920111,0.288085032969411,-0.6576991178609012,-0.09312168876978,0.4724705189458356
ltmp,paper_history,positive magnitude,dhw_novelty10_z,0.291203799589896,0.2521199596039289,-0.20298657257245667,0.29110768394067627,0.7859351999698329
ltmp,paper_history,positive magnitude,secc3m_p10_z,-0.05378465873795063,0.11062701843073984,-0.27180791357744166,-0.05351435149707103,0.1626663440361656
ltmp,paper_history,positive magnitude,cloudp_90_z,-0.0472546460694607,0.18459760784852636,-0.4098715285257309,-0.04708432939513079,0.3143887663048438
ltmp,paper_history,positive magnitude,dhw_events_since2016_n6_z,0.3928563990473606,0.28014204580662827,-0.15785251468892203,0.3933046897817362,0.9409996081563796
ltmp,paper_history,positive magnitude,dhw_years_since_last_n6_capped8_z,0.1766641992682709,0.22509957962311863,-0.26500579791711276,0.17676212655285875,0.617776896441087
ltmp,paper_history,positive magnitude,dhw_no_prior_n6,0.3254098336728458,0.2726413878749978,-0.21212483200585758,0.3263247678766051,0.8576345648764547
ltmp,paper_history,positive magnitude,dhw4_x_acropora,0.12069333155745514,0.15668866972492693,-0.18753764708011653,0.12094394020656175,0.4274912754392045
ltmp,paper_history,positive magnitude,dhw8_x_acropora,-0.021878933568587694,0.1206116419741165,-0.2590128929134285,-0.02178044279667667,0.21471953858611204
ltmp,paper_history,positive magnitude,dhw_x_history_count,-0.25003782999216456,0.20269146581905717,-0.6464972886149913,-0.2504271742269372,0.14865481305377898
ltmp,paper_history,positive magnitude,dhw_x_recovery,-0.08186342515289317,0.185160605467086,-0.4446822419482577,-0.08196089581684461,0.28151337587479763
mmp,legacy_history,occurrence,(Intercept),0.1524596548705467,0.6546532671842876,-1.1361151481085665,0.15354549992043928,1.4346070654261913
mmp,legacy_history,occurrence,ann_maxdhw_z,0.1905900556969583,0.39063250114801706,-0.5753909228211596,0.1905778122135657,0.9566409523047044
mmp,legacy_history,occurrence,dhw_excess4_z,0.26160244172026814,0.3643071118858698,-0.4532193272311265,0.26173740728645134,0.9756459721578696
mmp,legacy_history,occurrence,dhw_excess8_z,0.5062933345445192,0.3935504541833219,-0.2660263683610474,0.5064923313729712,1.277472999217561
mmp,legacy_history,occurrence,prop_acropora_pre_z,0.15896189675191316,0.35558333631215167,-0.5384409118232657,0.1590008712407974,0.8561430410975763
mmp,legacy_history,occurrence,observed_pre_cover_z,0.33591880903269533,0.2901328084904121,-0.23274056949277744,0.33581894875859075,0.9051493724904865
mmp,legacy_history,occurrence,dhw10_load4_z,0.09059126973527662,0.34220831711996613,-0.580155326838531,0.09046566650059376,0.7620567823738296
mmp,legacy_history,occurrence,dhw_novelty10_z,0.13737673098096798,0.4113226882323799,-0.6696985337162689,0.13753905254659,0.9435183119509778
mmp,legacy_history,occurrence,secc3m_p10_z,-0.12460562041156768,0.25861602613556645,-0.6320855617149488,-0.12457153653652454,0.3826301443978265
mmp,legacy_history,occurrence,cloudp_90_z,0.4057790819441992,0.3229640710614228,-0.2273903896079298,0.4057065842861132,1.0393647537114914
mmp,legacy_history,occurrence,histmDHW6_z,0.03301534265458617,0.385377175023228,-0.7232122889693587,0.033187977998963426,0.7882575001805173
mmp,legacy_history,occurrence,yrsince6_z,0.36013655679759365,0.39860650482340676,-0.4238864138877999,0.3608551813941067,1.1399660791089392
mmp,legacy_history,occurrence,dhw4_x_acropora,0.33436887698771806,0.3100546353334024,-0.27359456284093503,0.33435909441740697,0.9423883128962041
mmp,legacy_history,occurrence,dhw8_x_acropora,0.14702185830532516,0.37806044165330743,-0.5943100381541757,0.14701485340943413,0.888393669761539
mmp,legacy_history,occurrence,dhw_x_history_count,0.10877176752694188,0.3805189993569013,-0.6373418576052791,0.10873805953963972,0.8550779651257411
mmp,legacy_history,occurrence,dhw_x_recovery,-0.2835778367835332,0.3896538412943677,-1.04753774738563,-0.2836184835665169,0.480613585790328
mmp,legacy_history,positive magnitude,(Intercept),-0.9100784403045626,0.6338497143680596,-2.1442641884319653,-0.9135368356379727,0.3444257116692172
mmp,legacy_history,positive magnitude,ann_maxdhw_z,0.37485643400655216,0.3762864956652142,-0.36475037193253407,0.3754525656181511,1.111074522588195
mmp,legacy_history,positive magnitude,dhw_excess4_z,-0.0490109066389803,0.3520834437924634,-0.7393905456649931,-0.04904357259425179,0.6415716269485495
mmp,legacy_history,positive magnitude,dhw_excess8_z,-0.07746899131888493,0.34689162711571303,-0.7585899224518177,-0.07721374332266505,0.6022126507664134
mmp,legacy_history,positive magnitude,prop_acropora_pre_z,0.12143414815261902,0.2832123945943001,-0.43769522006291905,0.12269113129084178,0.6734553532996097
mmp,legacy_history,positive magnitude,observed_pre_cover_z,0.1516254580233443,0.13684898190722772,-0.11659920032509904,0.15144371327811815,0.42086869947161376
mmp,legacy_history,positive magnitude,dhw10_load4_z,0.04703262220358899,0.2518222603445058,-0.4462760395167027,0.0466788893284893,0.5423411366114018
mmp,legacy_history,positive magnitude,dhw_novelty10_z,-0.3285662440451594,0.37924728765966353,-1.0721989401142644,-0.32864830295482056,0.4154769737191537
mmp,legacy_history,positive magnitude,secc3m_p10_z,-0.1119679677819469,0.21173083073602816,-0.5139286640640063,-0.11725976719788053,0.32006145408191694
mmp,legacy_history,positive magnitude,cloudp_90_z,0.30218917896505587,0.27202843893203393,-0.23640043100417446,0.3036440137843342,0.83246521253836
mmp,legacy_history,positive magnitude,histmDHW6_z,0.2319448245584013,0.35109109447076775,-0.45962929804057756,0.23295747306659112,0.9177477165748351
mmp,legacy_history,positive magnitude,yrsince6_z,0.4799625218056685,0.385769861862706,-0.2810377081842077,0.4814518625172505,1.2324636632817483
mmp,legacy_history,positive magnitude,dhw4_x_acropora,0.20881168892805196,0.252299908233346,-0.2863540490609868,0.20896360909085626,0.7031128001497046
mmp,legacy_history,positive magnitude,dhw8_x_acropora,-0.05383405330857292,0.28216829706685675,-0.6073979148720036,-0.05378504621089697,0.4994586356167934
mmp,legacy_history,positive magnitude,dhw_x_history_count,-0.2408959598035932,0.3574649820647022,-0.9328841896017859,-0.2441610406253657,0.46953500496218653
mmp,legacy_history,positive magnitude,dhw_x_recovery,-0.4755103832948597,0.348608351795481,-1.1579680416966536,-0.475917478386608,0.2092598218927415
mmp,paper_history,occurrence,(Intercept),0.03351142569769282,0.6514398562890539,-1.2464150830854024,0.0339129393605253,1.3110788290462232
mmp,paper_history,occurrence,ann_maxdhw_z,0.2778967323025734,0.384803661194879,-0.4766717657002729,0.2778889360886489,1.0325094089990614
mmp,paper_history,occurrence,dhw_excess4_z,0.29350623300568174,0.36312462473053714,-0.41880233396672467,0.2935799998623605,1.0053895585009196
mmp,paper_history,occurrence,dhw_excess8_z,0.4490371092817865,0.39428366150144806,-0.3244485421137525,0.4491440339770255,1.221909867768403
mmp,paper_history,occurrence,prop_acropora_pre_z,0.13232691043395106,0.35291495395013606,-0.5598275544118027,0.13235917471889352,0.824297950151638
mmp,paper_history,occurrence,observed_pre_cover_z,0.34332439463688114,0.29391609463351964,-0.23290065413793348,0.3432785784204134,0.9198118192434602
mmp,paper_history,occurrence,dhw10_load4_z,0.32031005514237104,0.38844450931280133,-0.4414916491646428,0.32033936129895896,1.0819436242207987
mmp,paper_history,occurrence,dhw_novelty10_z,0.2275302298137313,0.3835815773127307,-0.5263368829974767,0.22804374507599476,0.9784062246545495
mmp,paper_history,occurrence,secc3m_p10_z,0.04838232523823088,0.2844810062835578,-0.5102057232430539,0.048582804725010954,0.6057977885094599
mmp,paper_history,occurrence,cloudp_90_z,0.344553911997569,0.3239302825768822,-0.29031554759334394,0.34441650860692247,0.9802104361762292
mmp,paper_history,occurrence,dhw_events_since2016_n6_z,-0.16939737373996913,0.38994350525448973,-0.9339960479359755,-0.1694187355356624,0.5953234794963924
mmp,paper_history,occurrence,dhw_years_since_last_n6_capped8_z,0.24938632028861454,0.3887805882947599,-0.5139047353562518,0.24968234158374716,1.010971950993131
mmp,paper_history,occurrence,dhw_no_prior_n6,0.1857257519867027,0.4544190028081638,-0.7055050916877718,0.18577482608038057,1.076674943860211
mmp,paper_history,occurrence,dhw4_x_acropora,0.329813610089724,0.31025694206928717,-0.27854380118758987,0.32980299900182125,0.9382317409421701
mmp,paper_history,occurrence,dhw8_x_acropora,0.16298268687909787,0.3782177557670271,-0.5786561895390611,0.16297611004391224,0.9046589213588755
mmp,paper_history,occurrence,dhw_x_history_count,0.06656312287665504,0.39154320771195755,-0.701232500905693,0.06656694160332732,0.8343372458429416
mmp,paper_history,occurrence,dhw_x_recovery,-0.3948516341240503,0.3773317853752087,-1.1342586502844756,-0.3950524446002869,0.34570452659146944
mmp,paper_history,positive magnitude,(Intercept),-1.0420851068007781,0.6421714853363237,-2.292649535352066,-1.0454950680825752,0.2285276549028823
mmp,paper_history,positive magnitude,ann_maxdhw_z,0.49428038958363696,0.362948297860001,-0.2184120646601161,0.49461173546096826,1.205085213065356
mmp,paper_history,positive magnitude,dhw_excess4_z,0.00893244615138759,0.3446582295060978,-0.6664162935723763,0.008739349336160928,0.6853972090984005
mmp,paper_history,positive magnitude,dhw_excess8_z,-0.11815738387613778,0.3448006411067612,-0.7953377960033222,-0.1178169744575586,0.5570988004678962
mmp,paper_history,positive magnitude,prop_acropora_pre_z,0.08710442077662446,0.2772218218052112,-0.4599748025399099,0.08825015165713858,0.6277013594150417
mmp,paper_history,positive magnitude,observed_pre_cover_z,0.11533123718789237,0.1362845562959287,-0.15147831577780785,0.11504277388298927,0.3837644582727258
mmp,paper_history,positive magnitude,dhw10_load4_z,0.4063889820377095,0.36740823922794064,-0.31570405782637345,0.40695183877056695,1.125288397279658
mmp,paper_history,positive magnitude,dhw_novelty10_z,-0.3211177489241341,0.34358134667573964,-0.9971372517906214,-0.3206064401721301,0.3517018772086023
mmp,paper_history,positive magnitude,secc3m_p10_z,-0.08152874633751982,0.21998889847674397,-0.5002874525103099,-0.08649807113311501,0.36530635824231006
mmp,paper_history,positive magnitude,cloudp_90_z,0.2934060224024219,0.2817872090722748,-0.26152435119123535,0.2939008696119507,0.845458542325036
mmp,paper_history,positive magnitude,dhw_events_since2016_n6_z,-0.31567172961782636,0.38779761193186113,-1.0749632102424163,-0.3160850861187864,0.44596734674619043
mmp,paper_history,positive magnitude,dhw_years_since_last_n6_capped8_z,0.28591917753292556,0.37909595742779123,-0.4605635616728909,0.2869764624989346,1.0264036912596206
mmp,paper_history,positive magnitude,dhw_no_prior_n6,0.1518519519719948,0.4227001994126092,-0.6775076889599954,0.151995076178438,0.9803993656607901
mmp,paper_history,positive magnitude,dhw4_x_acropora,0.1764182221825334,0.2511894617388526,-0.3166164642662398,0.17658881739455587,0.6684870121109909
mmp,paper_history,positive magnitude,dhw8_x_acropora,0.03412639071807774,0.27827693760519673,-0.511821253171002,0.034185859148810165,0.5797347146372553
mmp,paper_history,positive magnitude,dhw_x_history_count,0.24219177111094564,0.34655246928015876,-0.43702124655565844,0.24204787306762682,0.9222221067392792
mmp,paper_history,positive magnitude,dhw_x_recovery,0.015172190779423451,0.3613317697342707,-0.6970980489676544,0.016440721385707284,0.7202541228817436
