reef_short,LABEL_ID,ReefName,SECT_NAME,SECTOR,region_block,latitude_band,Type,Period,Year,variable,value,includes_summer_202425
Eyrie,14-118,Eyrie Reef (14-118),Cooktown / Lizard Island,CL,Northern GBR,14,cmex,Last 10 years,201021,cmex_10y,0.528395061728395,FALSE
Eyrie,14-118,Eyrie Reef (14-118),Cooktown / Lizard Island,CL,Northern GBR,14,cmex,Last 10 years,201524,cmex_10y,0.31304347826087,TRUE
Eyrie,14-118,Eyrie Reef (14-118),Cooktown / Lizard Island,CL,Northern GBR,14,cmex,Last _summer,202121,cmex_1y,0,FALSE
Eyrie,14-118,Eyrie Reef (14-118),Cooktown / Lizard Island,CL,Northern GBR,14,cmex,Last _summer,202424,cmex_1y,1,TRUE
Eyrie,14-118,Eyrie Reef (14-118),Cooktown / Lizard Island,CL,Northern GBR,14,cmex,Last 20 years,200524,cmex_20y,0.562962962962963,TRUE
Eyrie,14-118,Eyrie Reef (14-118),Cooktown / Lizard Island,CL,Northern GBR,14,cmex,Last 2 years,202324,cmex_2y,0.4,TRUE
Eyrie,14-118,Eyrie Reef (14-118),Cooktown / Lizard Island,CL,Northern GBR,14,cmfi,Last 10 years,200921,cmfi_10y,0.589900581317762,FALSE
Eyrie,14-118,Eyrie Reef (14-118),Cooktown / Lizard Island,CL,Northern GBR,14,cmfi,Last 10 years,201424,cmfi_10y,0.681445389945422,TRUE
Eyrie,14-118,Eyrie Reef (14-118),Cooktown / Lizard Island,CL,Northern GBR,14,cmfi,Last _summer,202021,cmfi_1y,0.802880537332403,FALSE
Eyrie,14-118,Eyrie Reef (14-118),Cooktown / Lizard Island,CL,Northern GBR,14,cmfi,Last _summer,202324,cmfi_1y,0.235450478780013,TRUE
Eyrie,14-118,Eyrie Reef (14-118),Cooktown / Lizard Island,CL,Northern GBR,14,cmfi,Last 20 years,200424,cmfi_20y,0.519406363054983,TRUE
Eyrie,14-118,Eyrie Reef (14-118),Cooktown / Lizard Island,CL,Northern GBR,14,cmfi,Last 2 years,202224,cmfi_2y,0.619121279898417,TRUE
Eyrie,14-118,Eyrie Reef (14-118),Cooktown / Lizard Island,CL,Northern GBR,14,cmfr,Last 10 years,200920,cmfr_10y,0.71143954265,FALSE
Eyrie,14-118,Eyrie Reef (14-118),Cooktown / Lizard Island,CL,Northern GBR,14,cmfr,Last 10 years,201423,cmfr_10y,0.70964277351034,FALSE
Eyrie,14-118,Eyrie Reef (14-118),Cooktown / Lizard Island,CL,Northern GBR,14,cmfr,Last _summer,202020,cmfr_1y,0.740632286,FALSE
Eyrie,14-118,Eyrie Reef (14-118),Cooktown / Lizard Island,CL,Northern GBR,14,cmfr,Last _summer,202323,cmfr_1y,0.59556506910729,FALSE
Eyrie,14-118,Eyrie Reef (14-118),Cooktown / Lizard Island,CL,Northern GBR,14,cmfr,Last 20 years,200423,cmfr_20y,0.715239825820823,FALSE
Eyrie,14-118,Eyrie Reef (14-118),Cooktown / Lizard Island,CL,Northern GBR,14,cmfr,Last 2 years,202223,cmfr_2y,0.643236241535915,FALSE
Eyrie,14-118,Eyrie Reef (14-118),Cooktown / Lizard Island,CL,Northern GBR,14,quad,Last 10 years,200921,quad_10y,2,FALSE
Eyrie,14-118,Eyrie Reef (14-118),Cooktown / Lizard Island,CL,Northern GBR,14,quad,Last 10 years,201424,quad_10y,1,TRUE
Eyrie,14-118,Eyrie Reef (14-118),Cooktown / Lizard Island,CL,Northern GBR,14,quad,Last _summer,202021,quad_1y,1,FALSE
Eyrie,14-118,Eyrie Reef (14-118),Cooktown / Lizard Island,CL,Northern GBR,14,quad,Last _summer,202324,quad_1y,2,TRUE
Eyrie,14-118,Eyrie Reef (14-118),Cooktown / Lizard Island,CL,Northern GBR,14,quad,Last 20 years,200424,quad_20y,2,TRUE
Eyrie,14-118,Eyrie Reef (14-118),Cooktown / Lizard Island,CL,Northern GBR,14,quad,Last 2 years,202224,quad_2y,1,TRUE
Linnet,14-126,Linnet Reef (14-126),Cooktown / Lizard Island,CL,Northern GBR,14,cmex,Last 10 years,201021,cmex_10y,0.688888888888889,FALSE
Linnet,14-126,Linnet Reef (14-126),Cooktown / Lizard Island,CL,Northern GBR,14,cmex,Last 10 years,201524,cmex_10y,0.31304347826087,TRUE
Linnet,14-126,Linnet Reef (14-126),Cooktown / Lizard Island,CL,Northern GBR,14,cmex,Last _summer,202121,cmex_1y,0,FALSE
Linnet,14-126,Linnet Reef (14-126),Cooktown / Lizard Island,CL,Northern GBR,14,cmex,Last _summer,202424,cmex_1y,1,TRUE
Linnet,14-126,Linnet Reef (14-126),Cooktown / Lizard Island,CL,Northern GBR,14,cmex,Last 20 years,200524,cmex_20y,0.622222222222222,TRUE
Linnet,14-126,Linnet Reef (14-126),Cooktown / Lizard Island,CL,Northern GBR,14,cmex,Last 2 years,202324,cmex_2y,0.4,TRUE
Linnet,14-126,Linnet Reef (14-126),Cooktown / Lizard Island,CL,Northern GBR,14,cmfi,Last 10 years,200921,cmfi_10y,0.459837322152008,FALSE
Linnet,14-126,Linnet Reef (14-126),Cooktown / Lizard Island,CL,Northern GBR,14,cmfi,Last 10 years,201424,cmfi_10y,0.626793272070006,TRUE
Linnet,14-126,Linnet Reef (14-126),Cooktown / Lizard Island,CL,Northern GBR,14,cmfi,Last _summer,202021,cmfi_1y,0.7657133350672,FALSE
Linnet,14-126,Linnet Reef (14-126),Cooktown / Lizard Island,CL,Northern GBR,14,cmfi,Last _summer,202324,cmfi_1y,0.166229466793746,TRUE
Linnet,14-126,Linnet Reef (14-126),Cooktown / Lizard Island,CL,Northern GBR,14,cmfi,Last 20 years,200424,cmfi_20y,0.420126887870816,TRUE
Linnet,14-126,Linnet Reef (14-126),Cooktown / Lizard Island,CL,Northern GBR,14,cmfi,Last 2 years,202224,cmfi_2y,0.548564546575403,TRUE
Linnet,14-126,Linnet Reef (14-126),Cooktown / Lizard Island,CL,Northern GBR,14,cmfr,Last 10 years,200920,cmfr_10y,0.6457251591,FALSE
Linnet,14-126,Linnet Reef (14-126),Cooktown / Lizard Island,CL,Northern GBR,14,cmfr,Last 10 years,201423,cmfr_10y,0.620351791388336,FALSE
Linnet,14-126,Linnet Reef (14-126),Cooktown / Lizard Island,CL,Northern GBR,14,cmfr,Last _summer,202020,cmfr_1y,0.6917280725,FALSE
Linnet,14-126,Linnet Reef (14-126),Cooktown / Lizard Island,CL,Northern GBR,14,cmfr,Last _summer,202323,cmfr_1y,0.468409921550427,FALSE
Linnet,14-126,Linnet Reef (14-126),Cooktown / Lizard Island,CL,Northern GBR,14,cmfr,Last 20 years,200423,cmfr_20y,0.638801927070992,FALSE
Linnet,14-126,Linnet Reef (14-126),Cooktown / Lizard Island,CL,Northern GBR,14,cmfr,Last 2 years,202223,cmfr_2y,0.519841866998182,FALSE
Linnet,14-126,Linnet Reef (14-126),Cooktown / Lizard Island,CL,Northern GBR,14,quad,Last 10 years,200921,quad_10y,2,FALSE
Linnet,14-126,Linnet Reef (14-126),Cooktown / Lizard Island,CL,Northern GBR,14,quad,Last 10 years,201424,quad_10y,1,TRUE
Linnet,14-126,Linnet Reef (14-126),Cooktown / Lizard Island,CL,Northern GBR,14,quad,Last _summer,202021,quad_1y,1,FALSE
Linnet,14-126,Linnet Reef (14-126),Cooktown / Lizard Island,CL,Northern GBR,14,quad,Last _summer,202324,quad_1y,4,TRUE
Linnet,14-126,Linnet Reef (14-126),Cooktown / Lizard Island,CL,Northern GBR,14,quad,Last 20 years,200424,quad_20y,2,TRUE
Linnet,14-126,Linnet Reef (14-126),Cooktown / Lizard Island,CL,Northern GBR,14,quad,Last 2 years,202224,quad_2y,1,TRUE
Lizard NW,14-116a,Lizard Island Reef (North West) (14-116a),Cooktown / Lizard Island,CL,Northern GBR,14,cmex,Last 10 years,201021,cmex_10y,0.483950617283951,FALSE
Lizard NW,14-116a,Lizard Island Reef (North West) (14-116a),Cooktown / Lizard Island,CL,Northern GBR,14,cmex,Last 10 years,201524,cmex_10y,0.31304347826087,TRUE
Lizard NW,14-116a,Lizard Island Reef (North West) (14-116a),Cooktown / Lizard Island,CL,Northern GBR,14,cmex,Last _summer,202121,cmex_1y,0,FALSE
Lizard NW,14-116a,Lizard Island Reef (North West) (14-116a),Cooktown / Lizard Island,CL,Northern GBR,14,cmex,Last _summer,202424,cmex_1y,1,TRUE
Lizard NW,14-116a,Lizard Island Reef (North West) (14-116a),Cooktown / Lizard Island,CL,Northern GBR,14,cmex,Last 20 years,200524,cmex_20y,0.444444444444444,TRUE
Lizard NW,14-116a,Lizard Island Reef (North West) (14-116a),Cooktown / Lizard Island,CL,Northern GBR,14,cmex,Last 2 years,202324,cmex_2y,0.4,TRUE
Lizard NW,14-116a,Lizard Island Reef (North West) (14-116a),Cooktown / Lizard Island,CL,Northern GBR,14,cmfi,Last 10 years,200921,cmfi_10y,0.504634992187835,FALSE
Lizard NW,14-116a,Lizard Island Reef (North West) (14-116a),Cooktown / Lizard Island,CL,Northern GBR,14,cmfi,Last 10 years,201424,cmfi_10y,0.577919384216575,TRUE
Lizard NW,14-116a,Lizard Island Reef (North West) (14-116a),Cooktown / Lizard Island,CL,Northern GBR,14,cmfi,Last _summer,202021,cmfi_1y,0.64099999960974,FALSE
Lizard NW,14-116a,Lizard Island Reef (North West) (14-116a),Cooktown / Lizard Island,CL,Northern GBR,14,cmfi,Last _summer,202324,cmfi_1y,0.199193041697448,TRUE
Lizard NW,14-116a,Lizard Island Reef (North West) (14-116a),Cooktown / Lizard Island,CL,Northern GBR,14,cmfi,Last 20 years,200424,cmfi_20y,0.46952630514473,TRUE
Lizard NW,14-116a,Lizard Island Reef (North West) (14-116a),Cooktown / Lizard Island,CL,Northern GBR,14,cmfi,Last 2 years,202224,cmfi_2y,0.560542546197472,TRUE
Lizard NW,14-116a,Lizard Island Reef (North West) (14-116a),Cooktown / Lizard Island,CL,Northern GBR,14,cmfr,Last 10 years,200920,cmfr_10y,0.51869974965,FALSE
Lizard NW,14-116a,Lizard Island Reef (North West) (14-116a),Cooktown / Lizard Island,CL,Northern GBR,14,cmfr,Last 10 years,201423,cmfr_10y,0.540501318685676,FALSE
Lizard NW,14-116a,Lizard Island Reef (North West) (14-116a),Cooktown / Lizard Island,CL,Northern GBR,14,cmfr,Last _summer,202020,cmfr_1y,0.5276315785,FALSE
Lizard NW,14-116a,Lizard Island Reef (North West) (14-116a),Cooktown / Lizard Island,CL,Northern GBR,14,cmfr,Last _summer,202323,cmfr_1y,0.528962174552933,FALSE
Lizard NW,14-116a,Lizard Island Reef (North West) (14-116a),Cooktown / Lizard Island,CL,Northern GBR,14,cmfr,Last 20 years,200423,cmfr_20y,0.528544253715003,FALSE
Lizard NW,14-116a,Lizard Island Reef (North West) (14-116a),Cooktown / Lizard Island,CL,Northern GBR,14,cmfr,Last 2 years,202223,cmfr_2y,0.540789800695903,FALSE
Lizard NW,14-116a,Lizard Island Reef (North West) (14-116a),Cooktown / Lizard Island,CL,Northern GBR,14,quad,Last 10 years,200921,quad_10y,1,FALSE
Lizard NW,14-116a,Lizard Island Reef (North West) (14-116a),Cooktown / Lizard Island,CL,Northern GBR,14,quad,Last 10 years,201424,quad_10y,1,TRUE
Lizard NW,14-116a,Lizard Island Reef (North West) (14-116a),Cooktown / Lizard Island,CL,Northern GBR,14,quad,Last _summer,202021,quad_1y,1,FALSE
Lizard NW,14-116a,Lizard Island Reef (North West) (14-116a),Cooktown / Lizard Island,CL,Northern GBR,14,quad,Last _summer,202324,quad_1y,2,TRUE
Lizard NW,14-116a,Lizard Island Reef (North West) (14-116a),Cooktown / Lizard Island,CL,Northern GBR,14,quad,Last 20 years,200424,quad_20y,1,TRUE
Lizard NW,14-116a,Lizard Island Reef (North West) (14-116a),Cooktown / Lizard Island,CL,Northern GBR,14,quad,Last 2 years,202224,quad_2y,1,TRUE
Mackay,16-015,Mackay Reef (16-015),Cairns,CA,Central GBR,16,cmex,Last 10 years,201021,cmex_10y,0.424691358024691,FALSE
Mackay,16-015,Mackay Reef (16-015),Cairns,CA,Central GBR,16,cmex,Last 10 years,201524,cmex_10y,0.0782608695652174,TRUE
Mackay,16-015,Mackay Reef (16-015),Cairns,CA,Central GBR,16,cmex,Last _summer,202121,cmex_1y,0,FALSE
Mackay,16-015,Mackay Reef (16-015),Cairns,CA,Central GBR,16,cmex,Last _summer,202424,cmex_1y,0,TRUE
Mackay,16-015,Mackay Reef (16-015),Cairns,CA,Central GBR,16,cmex,Last 20 years,200524,cmex_20y,0.333333333333333,TRUE
Mackay,16-015,Mackay Reef (16-015),Cairns,CA,Central GBR,16,cmex,Last 2 years,202324,cmex_2y,0,TRUE
Mackay,16-015,Mackay Reef (16-015),Cairns,CA,Central GBR,16,cmfi,Last 10 years,200921,cmfi_10y,0.636730993226728,FALSE
Mackay,16-015,Mackay Reef (16-015),Cairns,CA,Central GBR,16,cmfi,Last 10 years,201424,cmfi_10y,0.813750898856719,TRUE
Mackay,16-015,Mackay Reef (16-015),Cairns,CA,Central GBR,16,cmfi,Last _summer,202021,cmfi_1y,0.7800000001292,FALSE
Mackay,16-015,Mackay Reef (16-015),Cairns,CA,Central GBR,16,cmfi,Last _summer,202324,cmfi_1y,0.824175446437253,TRUE
Mackay,16-015,Mackay Reef (16-015),Cairns,CA,Central GBR,16,cmfi,Last 20 years,200424,cmfi_20y,0.667154512241574,TRUE
Mackay,16-015,Mackay Reef (16-015),Cairns,CA,Central GBR,16,cmfi,Last 2 years,202224,cmfi_2y,0.876737690579072,TRUE
Mackay,16-015,Mackay Reef (16-015),Cairns,CA,Central GBR,16,cmfr,Last 10 years,200920,cmfr_10y,0.68918408,FALSE
Mackay,16-015,Mackay Reef (16-015),Cairns,CA,Central GBR,16,cmfr,Last 10 years,201423,cmfr_10y,0.691021757266995,FALSE
Mackay,16-015,Mackay Reef (16-015),Cairns,CA,Central GBR,16,cmfr,Last _summer,202020,cmfr_1y,0.710526316,FALSE
Mackay,16-015,Mackay Reef (16-015),Cairns,CA,Central GBR,16,cmfr,Last _summer,202323,cmfr_1y,0.677020077995593,FALSE
Mackay,16-015,Mackay Reef (16-015),Cairns,CA,Central GBR,16,cmfr,Last 20 years,200423,cmfr_20y,0.687555300237441,FALSE
Mackay,16-015,Mackay Reef (16-015),Cairns,CA,Central GBR,16,cmfr,Last 2 years,202223,cmfr_2y,0.693773197676805,FALSE
Mackay,16-015,Mackay Reef (16-015),Cairns,CA,Central GBR,16,quad,Last 10 years,200921,quad_10y,1,FALSE
Mackay,16-015,Mackay Reef (16-015),Cairns,CA,Central GBR,16,quad,Last 10 years,201424,quad_10y,1,TRUE
Mackay,16-015,Mackay Reef (16-015),Cairns,CA,Central GBR,16,quad,Last _summer,202021,quad_1y,1,FALSE
Mackay,16-015,Mackay Reef (16-015),Cairns,CA,Central GBR,16,quad,Last _summer,202324,quad_1y,1,TRUE
Mackay,16-015,Mackay Reef (16-015),Cairns,CA,Central GBR,16,quad,Last 20 years,200424,quad_20y,1,TRUE
Mackay,16-015,Mackay Reef (16-015),Cairns,CA,Central GBR,16,quad,Last 2 years,202224,quad_2y,1,TRUE
Swinger,15-030,Swinger Reef (15-030),Cooktown / Lizard Island,CL,Northern GBR,15,cmex,Last 10 years,201021,cmex_10y,0.659259259259259,FALSE
Swinger,15-030,Swinger Reef (15-030),Cooktown / Lizard Island,CL,Northern GBR,15,cmex,Last 10 years,201524,cmex_10y,0.0782608695652174,TRUE
Swinger,15-030,Swinger Reef (15-030),Cooktown / Lizard Island,CL,Northern GBR,15,cmex,Last _summer,202121,cmex_1y,0,FALSE
Swinger,15-030,Swinger Reef (15-030),Cooktown / Lizard Island,CL,Northern GBR,15,cmex,Last _summer,202424,cmex_1y,0,TRUE
Swinger,15-030,Swinger Reef (15-030),Cooktown / Lizard Island,CL,Northern GBR,15,cmex,Last 20 years,200524,cmex_20y,0.481481481481481,TRUE
Swinger,15-030,Swinger Reef (15-030),Cooktown / Lizard Island,CL,Northern GBR,15,cmex,Last 2 years,202324,cmex_2y,0,TRUE
Swinger,15-030,Swinger Reef (15-030),Cooktown / Lizard Island,CL,Northern GBR,15,cmfi,Last 10 years,200921,cmfi_10y,0.500587503910256,FALSE
Swinger,15-030,Swinger Reef (15-030),Cooktown / Lizard Island,CL,Northern GBR,15,cmfi,Last 10 years,201424,cmfi_10y,0.808438156841642,TRUE
Swinger,15-030,Swinger Reef (15-030),Cooktown / Lizard Island,CL,Northern GBR,15,cmfi,Last _summer,202021,cmfi_1y,0.779541432089136,FALSE
Swinger,15-030,Swinger Reef (15-030),Cooktown / Lizard Island,CL,Northern GBR,15,cmfi,Last _summer,202324,cmfi_1y,0.801637934737689,TRUE
Swinger,15-030,Swinger Reef (15-030),Cooktown / Lizard Island,CL,Northern GBR,15,cmfi,Last 20 years,200424,cmfi_20y,0.557399021682377,TRUE
Swinger,15-030,Swinger Reef (15-030),Cooktown / Lizard Island,CL,Northern GBR,15,cmfi,Last 2 years,202224,cmfi_2y,0.849271687726741,TRUE
Swinger,15-030,Swinger Reef (15-030),Cooktown / Lizard Island,CL,Northern GBR,15,cmfr,Last 10 years,200920,cmfr_10y,0.68696893185,FALSE
Swinger,15-030,Swinger Reef (15-030),Cooktown / Lizard Island,CL,Northern GBR,15,cmfr,Last 10 years,201423,cmfr_10y,0.68234176515089,FALSE
Swinger,15-030,Swinger Reef (15-030),Cooktown / Lizard Island,CL,Northern GBR,15,cmfr,Last _summer,202020,cmfr_1y,0.709922937,FALSE
Swinger,15-030,Swinger Reef (15-030),Cooktown / Lizard Island,CL,Northern GBR,15,cmfr,Last _summer,202323,cmfr_1y,0.635619922992209,FALSE
Swinger,15-030,Swinger Reef (15-030),Cooktown / Lizard Island,CL,Northern GBR,15,cmfr,Last 20 years,200423,cmfr_20y,0.685687464546547,FALSE
Swinger,15-030,Swinger Reef (15-030),Cooktown / Lizard Island,CL,Northern GBR,15,cmfr,Last 2 years,202223,cmfr_2y,0.645738799209131,FALSE
Swinger,15-030,Swinger Reef (15-030),Cooktown / Lizard Island,CL,Northern GBR,15,quad,Last 10 years,200921,quad_10y,2,FALSE
Swinger,15-030,Swinger Reef (15-030),Cooktown / Lizard Island,CL,Northern GBR,15,quad,Last 10 years,201424,quad_10y,1,TRUE
Swinger,15-030,Swinger Reef (15-030),Cooktown / Lizard Island,CL,Northern GBR,15,quad,Last _summer,202021,quad_1y,1,FALSE
Swinger,15-030,Swinger Reef (15-030),Cooktown / Lizard Island,CL,Northern GBR,15,quad,Last _summer,202324,quad_1y,1,TRUE
Swinger,15-030,Swinger Reef (15-030),Cooktown / Lizard Island,CL,Northern GBR,15,quad,Last 20 years,200424,quad_20y,1,TRUE
Swinger,15-030,Swinger Reef (15-030),Cooktown / Lizard Island,CL,Northern GBR,15,quad,Last 2 years,202224,quad_2y,1,TRUE
