Method,ReefName,Reef_Name,ReefID,SECTOR,Region,reef_zone,depth,report_year,DHWYear,Date,Prev.HC,mean,Change,Abs.Change,Rel.Change,Mort.prop,MaxDHW.mean,DISTURBANCE_TYPE,Pre_Cover_Pct,Post_Cover_Pct,Net_Change_Pct,Growth_Adj_Loss_Pct,Mortality_Pct,MaxDHW
Benthic Photo (MMP),Snapper Reef (16-006),SNAPPER ISLAND,16-006,CA,Central,South,2,2024,2024,2024-06-05,0.5029984341764817,0,-0.5029984341764817,-0.5153192135110398,-0.9980632136596276,0.9980632136596276,6.9,NA,50.3,0,-50.3,-51.5,99.8,6.9
Benthic Photo (MMP),Snapper Reef (16-006),SNAPPER ISLAND,16-006,CA,Central,South,5,2024,2024,2024-06-05,0.5789794313776275,0,-0.5789794313776275,-0.5802382442301444,-0.9982795350961041,0.9982795350961041,6.9,NA,57.9,0,-57.9,-58,99.8,6.9
Benthic Photo (MMP),Daydream Reef (No 1) (20-035a),DAYDREAM ISLAND,20-035a,WH,Southern,_,2,2017,2017,2017-07-06,0.3518070337851494,0.00601426890492239,-0.345792764880227,-0.36370135995065456,-0.9810791119689884,0.9810791119689884,6.495,NA,35.2,0.6,-34.6,-36.4,98.1,6.5
Benthic Photo (MMP),Double Cone Reef (20-024),DOUBLE CONE ISLAND,20-024,WH,Southern,_,2,2017,2017,2017-06-30,0.6612117333322652,0.01905276923084201,-0.6421589641014233,-0.5759458507219323,-0.966354336135156,0.966354336135156,8.1,NA,66.1,1.9,-64.2,-57.6,96.6,8.1
Benthic Photo (MMP),Lady Elliot Reef (18-050),LADY ELLIOT REEF,18-050,TO,Central,_,2,2025,2025,2025-05-17,0.25992233538362813,0.025973808208153,-0.23394852717547512,-0.26009339411242094,-0.9060366074908454,0.9060366074908454,NA,NA,26,2.6,-23.4,-26,90.6,NA
Benthic Photo (MMP),Daydream Reef (No 1) (20-035a),DAYDREAM ISLAND,20-035a,WH,Southern,_,5,2017,2017,2017-07-06,0.3971136029601058,0.041395876644934014,-0.3557177263151718,-0.36368405743408544,-0.8955972135360815,0.8955972135360815,6.495,NA,39.7,4.1,-35.6,-36.4,89.6,6.5
Benthic Photo (MMP),Hook Island Reef (No 4) (20-028d),HOOK ISLAND,20-028d,WH,Southern,_,2,2018,2018,2018-06-14,0.19982646856957795,0.03835992550387699,-0.16146654306570096,-0.19270381551775612,-0.830391747842211,0.830391747842211,0,NA,20,3.8,-16.1,-19.3,83,0
Benthic Photo (MMP),Pelican Island Reef (23-017),PELICAN ISLAND,23-017,CB,Southern,_,2,2018,2018,2018-05-04,0.012068372530711012,0.0065916927046291,-0.005476679826081912,-0.03592928222573806,-0.8255624393346959,0.8255624393346959,2.13,NA,1.2,0.7,-0.5,-3.6,82.6,2.13
Benthic Photo (LTMP),U/N Reef (21-060),REEF 21-060,21-060,PO,Southern,_,9,2018,2017,2018-03-21,0.032859866262247746,0.019740502983624602,-0.013119363278623144,-0.09653009841524372,-0.8231397917617846,0.8231397917617846,4.38,n,3.3,2,-1.3,-9.7,82.3,4.38
Benthic Photo (MMP),Daydream Reef (No 1) (20-035a),DAYDREAM ISLAND,20-035a,WH,Southern,_,2,2021,2021,2021-06-16,0.006350466526021405,0.0025906872198502118,-0.0037597793061711934,-0.015319936993743725,-0.8101232841764662,0.8101232841764662,0,NA,0.6,0.3,-0.4,-1.5,81,0
Benthic Photo (MMP),Richards (Bedarra) Reef (18-001),BEDARRA ISLAND,18-001,IN,Central,_,2,2025,2025,2025-05-23,0.13340618825777464,0.032107113719403946,-0.1012990745383707,-0.13572620627944684,-0.8039065172702325,0.8039065172702325,NA,NA,13.3,3.2,-10.1,-13.6,80.4,NA
Benthic Photo (LTMP),U/N Reef (21-062),REEF 21-062,21-062,PO,Southern,_,9,2018,2017,2018-03-08,0.06383094230198064,0.030108016316876814,-0.03372292598510382,-0.11206586532612245,-0.7827256203443311,0.7827256203443311,3.23,n,6.4,3,-3.4,-11.2,78.3,3.23
Benthic Photo (MMP),Double Cone Reef (20-024),DOUBLE CONE ISLAND,20-024,WH,Southern,_,2,2018,2018,2018-06-15,0.01905276923084201,0.008698111323992693,-0.010354657906849316,-0.032315421798755836,-0.7691669658998144,0.7691669658998144,0,NA,1.9,0.9,-1,-3.2,76.9,0
Benthic Photo (LTMP),Hedley Reef (17-014),HEDLEY REEF,17-014,IN,Central,_,9,2018,2017,2018-02-18,0.13113998869877158,0.038835686592122616,-0.09230430210664897,-0.12930428070342964,-0.764480937125201,0.764480937125201,7.98,b,13.1,3.9,-9.2,-12.9,76.4,7.98
Benthic Photo (LTMP),Gannett Cay Reef (21-556),GANNET CAY,21-556,SW,Southern,_,9,2023,2022,2022-09-08,0.10128261590744957,0.04963625471594167,-0.051646361191507895,-0.14840115056674816,-0.745594278401973,0.745594278401973,0.66,NA,10.1,5,-5.2,-14.8,74.6,0.66
Benthic Photo (MMP),Snapper Reef (16-006),SNAPPER ISLAND,16-006,CA,Central,North,2,2024,2024,2024-06-04,0.16863589480805166,0.05155365819270063,-0.11708223661535103,-0.15345640004711714,-0.7448976101374499,0.7448976101374499,6.9,NA,16.9,5.2,-11.7,-15.3,74.5,6.9
Benthic Photo (MMP),Pine Island Reef (20-061),PINE ISLAND,20-061,WH,Southern,_,2,2017,2017,2017-07-05,0.43703485794537794,0.11512450523437846,-0.3219103527109995,-0.31908790037652873,-0.7331774008799804,0.7331774008799804,5.99,NA,43.7,11.5,-32.2,-31.9,73.3,5.99
Benthic Photo (LTMP),Penrith Reef (21-025),PENRITH ISLAND,21-025,PO,Southern,_,9,2018,2017,2018-03-15,0.3001225609922936,0.0800055742314458,-0.22011698676084782,-0.20756085232903268,-0.719282748180449,0.719282748180449,4.845,NA,30,8,-22,-20.8,71.9,4.84
Benthic Photo (MMP),North Keppel (Ko-no-mie) Island Reef (No 2) (23-004b),NORTH KEPPEL ISLAND,23-004b,CB,Southern,_,2,2025,2024,2025-04-21,0.17797019321167112,0.06233144983205673,-0.11563874337961438,-0.1568729347464955,-0.7123969626977846,0.7123969626977846,12.135,NA,17.8,6.2,-11.6,-15.7,71.2,12.13
Manta Tow (LTMP),Linnet Reef (14-126),LINNET REEF,14-126,CL,Northern,_,9,2025,2024,2024-09-30,0.4278475351183221,0.12205758932979481,-0.30578994578852725,-0.289122100402445,-0.701446741808808,0.701446741808808,6.565,NA,42.8,12.2,-30.6,-28.9,70.1,6.57
Benthic Photo (LTMP),Tern Reef (20-309),TERN ISLAND,20-309,PO,Southern,_,9,2025,2024,2025-01-14,0.11674261464512391,0.04463179670920843,-0.07211081793591548,-0.10640754032392495,-0.6998684840406528,0.6998684840406528,7.65,NA,11.7,4.5,-7.2,-10.6,70,7.65
Benthic Photo (LTMP),One Tree Island Reef (23-055a),ONE TREE ISLAND,23-055a,CB,Southern,_,9,2025,2024,2024-11-06,0.6465710923203194,0.19033698696083282,-0.4562341053594866,-0.4409809846860884,-0.6974038449951363,0.6974038449951363,11.53,NA,64.7,19,-45.6,-44.1,69.7,11.53
Benthic Photo (MMP),Double Cone Reef (20-024),DOUBLE CONE ISLAND,20-024,WH,Southern,_,5,2017,2017,2017-06-30,0.7131878066652536,0.19056469737123397,-0.5226231092940197,-0.43937347466797805,-0.6963811893769387,0.6963811893769387,8.1,NA,71.3,19.1,-52.3,-43.9,69.6,8.1
Benthic Photo (LTMP),Broomfield Reef (23-048),BROOMFIELD REEF,23-048,CB,Southern,_,9,2025,2024,2024-11-04,0.5750808079045714,0.17919578831157115,-0.39588501959300026,-0.3909737388061617,-0.6845143521208404,0.6845143521208404,11.6,NA,57.5,17.9,-39.6,-39.1,68.5,11.6
Benthic Photo (MMP),Humpy (Bur-ye-Bur-ye) Reef (23-016),HUMPY ISLAND AND HALFWAY ISLAND,23-016,CB,Southern,_,2,2025,2024,2025-04-21,0.22997353185720512,0.07922743179567049,-0.15074610006153463,-0.16589451814734757,-0.674033820168235,0.674033820168235,12.47,NA,23,7.9,-15.1,-16.6,67.4,12.47
Benthic Photo (MMP),Stingaree Reefs (17-053),DUNK ISLAND,17-053,IN,Central,North,2,2025,2025,2025-05-23,0.44005306631645896,0.14082710829470307,-0.2992259580217559,-0.2923242593745725,-0.673323364023713,0.673323364023713,NA,NA,44,14.1,-29.9,-29.2,67.3,NA
Benthic Photo (MMP),Daydream Reef (No 1) (20-035a),DAYDREAM ISLAND,20-035a,WH,Southern,_,2,2018,2018,2018-06-14,0.00601426890492239,0.005022243281103812,-9.92025623818578e-4,-0.012168592261612488,-0.6689408099500328,0.6689408099500328,0,NA,0.6,0.5,-0.1,-1.2,66.9,0
Benthic Photo (LTMP),North Direction Reef (14-143),NORTH DIRECTION ISLAND,14-143,CL,Northern,_,9,2017,2016,2016-12-16,0.08850900291861305,0.047185697838981064,-0.041323305079631986,-0.09317147497713603,-0.6591209566587548,0.6591209566587548,8.83,n,8.9,4.7,-4.1,-9.3,65.9,8.83
Benthic Photo (MMP),Pelican Island Reef (23-017),PELICAN ISLAND,23-017,CB,Southern,_,2,2021,2021,2021-05-08,0.048286517218236284,0.024962736861138462,-0.023323780357097822,-0.05021823505223273,-0.6591965656376522,0.6591965656376522,0,NA,4.8,2.5,-2.3,-5,65.9,0
Manta Tow (LTMP),North Direction Reef (14-143),NORTH DIRECTION ISLAND,14-143,CL,Northern,_,9,2025,2024,2024-09-27,0.5837507562816058,0.18210999156528573,-0.40164076471632004,-0.34724644031625385,-0.6547416406063589,0.6547416406063589,6.505,NA,58.4,18.2,-40.2,-34.7,65.5,6.5
Benthic Photo (LTMP),Opal Reef (16-025),OPAL REEF,16-025,CA,Central,_,9,2017,2016,2016-09-14,0.20039619151906032,0.08375629332167503,-0.1166398981973853,-0.16021931591926947,-0.6540215020413994,0.6540215020413994,5.82,b,20,8.4,-11.7,-16,65.4,5.82
Benthic Photo (LTMP),Hastings Reef (16-057),HASTINGS REEF,16-057,CA,Central,_,9,2018,2017,2017-12-14,0.2580853512318209,0.0935136518817516,-0.16457169935006932,-0.17680603673401668,-0.6516520700582186,0.6516520700582186,10.37333333,b,25.8,9.4,-16.5,-17.7,65.2,10.37
Manta Tow (LTMP),Forrester Reef (15-009),FORRESTER REEF,15-009,CL,Northern,_,9,2025,2024,2024-12-22,0.4022669377156626,0.12895462233059005,-0.2733123153850725,-0.23736424149814678,-0.6462076001869,0.6462076001869,4.16,NA,40.2,12.9,-27.3,-23.7,64.6,4.16
Benthic Photo (MMP),North Keppel (Ko-no-mie) Island Reef (No 2) (23-004b),NORTH KEPPEL ISLAND,23-004b,CB,Southern,_,2,2024,2024,2024-05-12,0.4840089198869416,0.17797019321167112,-0.3060387266752705,-0.3201026268522291,-0.6413946301688876,0.6413946301688876,12.135,NA,48.4,17.8,-30.6,-32,64.1,12.13
Benthic Photo (LTMP),No Name Reef (14-139),NO NAME REEF,14-139,CL,Northern,_,9,2017,2016,2016-12-10,0.20592415980783954,0.10049984548469722,-0.10542431432314232,-0.1799202178910892,-0.6393297469016549,0.6393297469016549,11.455,b,20.6,10,-10.5,-18,63.9,11.46
Benthic Photo (MMP),Stingaree Reefs (17-053),DUNK ISLAND,17-053,IN,Central,South,2,2025,2025,2025-05-23,0.36033387700433595,0.12946397035252072,-0.23086990665181523,-0.22986547056922027,-0.6379314162651066,0.6379314162651066,NA,NA,36,12.9,-23.1,-23,63.8,NA
Benthic Photo (LTMP),Horseshoe Reef (No 1) (22-104a),HORSESHOE REEF,22-104a,SW,Southern,_,9,2021,2020,2020-08-31,0.05868770430175735,0.05614047590509801,-0.002547228396659336,-0.09785729208563146,-0.6313464597211772,0.6313464597211772,6.608,NA,5.9,5.6,-0.3,-9.8,63.1,6.61
Benthic Photo (MMP),Seaforth Reef (20-095),SEAFORTH ISLAND,20-095,WH,Southern,_,2,2017,2017,2017-06-29,0.14905303954698468,0.08787807834802888,-0.061174961198955796,-0.14764930437063725,-0.624237678841001,0.624237678841001,5.98,NA,14.9,8.8,-6.1,-14.8,62.4,5.98
Manta Tow (LTMP),Fitzroy Island Reef (No 1) (16-054a),FITZROY ISLAND,16-054a,CA,Central,_,9,1999,1998,1999-02-08,0.2390150718037775,0.09838463239892227,-0.14063043940485526,-0.1584999160648436,-0.6146157922567962,0.6146157922567962,1.015,b,23.9,9.8,-14.1,-15.8,61.5,1.01
Benthic Photo (LTMP),Rib Reef (18-032),RIB REEF,18-032,TO,Central,_,9,2003,2002,2003-03-08,0.05139615110974356,0.03319531076841172,-0.01820084034133184,-0.0500444774529027,-0.5940717386590059,0.5940717386590059,2.6,n,5.1,3.3,-1.8,-5,59.4,2.6
Benthic Photo (LTMP),Moore Reef (16-071),MOORE REEF,16-071,IN,Central,_,9,2018,2017,2017-12-19,0.28758565433655,0.11858300978471017,-0.1690026445518398,-0.17309142417538817,-0.5914128604720784,0.5914128604720784,10.63,b,28.8,11.9,-16.9,-17.3,59.1,10.63
Benthic Photo (MMP),Pelican Island Reef (23-017),PELICAN ISLAND,23-017,CB,Southern,_,2,2024,2024,2024-05-14,0.06792091059527568,0.04020428702893302,-0.027716623566342656,-0.05925933309303383,-0.589858627641435,0.589858627641435,13.26,NA,6.8,4,-2.8,-5.9,59,13.26
Benthic Photo (LTMP),Turner Reef (21-562),TURNER CAY,21-562,SW,Southern,_,9,2021,2020,2020-09-06,0.054479115033619116,0.05697281508785689,0.0024937000542377755,-0.08258451258423924,-0.5875503892397504,0.5875503892397504,5.98,NA,5.4,5.7,0.2,-8.3,58.8,5.98
Benthic Photo (MMP),Humpy (Bur-ye-Bur-ye) Reef (23-016),HUMPY ISLAND AND HALFWAY ISLAND,23-016,CB,Southern,_,5,2025,2024,2025-04-21,0.13594107109759657,0.061526046434921836,-0.07441502466267473,-0.08875640436178034,-0.5866933269150553,0.5866933269150553,12.47,NA,13.6,6.2,-7.4,-8.9,58.7,12.47
Manta Tow (LTMP),No Name Reef (14-139),NO NAME REEF,14-139,CL,Northern,_,9,2017,2016,2016-12-10,0.15133600547635084,0.09758722627468341,-0.05374877920166743,-0.13923820137470602,-0.5854638957276505,0.5854638957276505,11.455,b,15.1,9.8,-5.4,-13.9,58.5,11.46
Benthic Photo (LTMP),Thetford Reef (16-068),THETFORD REEF,16-068,CA,Central,_,9,2018,2017,2017-12-12,0.2917339849428202,0.12307718551392634,-0.1686567994288939,-0.17460858683605018,-0.5845895687038537,0.5845895687038537,10.95,b,29.2,12.3,-16.9,-17.5,58.5,10.95
Benthic Photo (MMP),Double Cone Reef (20-024),DOUBLE CONE ISLAND,20-024,WH,Southern,_,2,2021,2021,2021-06-15,0.0162639071630757,0.014538004574972728,-0.0017259025881029722,-0.021861550038944133,-0.5845403846282481,0.5845403846282481,0,NA,1.6,1.5,-0.2,-2.2,58.5,0
Benthic Photo (MMP),Snapper Reef (16-006),SNAPPER ISLAND,16-006,CA,Central,North,2,2017,2017,2017-09-04,0.047228930232887045,0.028561682560003923,-0.018667247672883122,-0.04151629463560008,-0.584095049882311,0.584095049882311,11.6775,NA,4.7,2.9,-1.9,-4.2,58.4,11.68
Manta Tow (LTMP),Mackay Reefs (15-024),MACKAY REEF,15-024,CL,Northern,_,9,2025,2024,2024-10-05,0.4251201626271228,0.1647169175994882,-0.2604032450276346,-0.22847097216141998,-0.5795991660220647,0.5795991660220647,4.431428571,NA,42.5,16.5,-26,-22.8,58,4.43
Benthic Photo (LTMP),Tern Reef (20-309),TERN ISLAND,20-309,PO,Southern,_,9,2024,2023,2024-03-24,0.2487852430046701,0.11674261464512391,-0.13204262835954617,-0.15962632924331133,-0.5755018099918102,0.5755018099918102,0.81,NA,24.9,11.7,-13.2,-16,57.6,0.81
Manta Tow (LTMP),Broomfield Reef (23-048),BROOMFIELD REEF,23-048,CB,Southern,_,9,2025,2024,2024-11-04,0.581105916624201,0.24912491355726227,-0.3319810030669387,-0.3255395279068361,-0.5655022343900297,0.5655022343900297,11.6,NA,58.1,24.9,-33.2,-32.6,56.6,11.6
Benthic Photo (LTMP),Agincourt Reefs (No 1) (15-099c),AGINCOURT REEF NO.1,15-099c,CA,Central,_,9,2017,2016,2016-09-12,0.2600309172827717,0.12157677337258557,-0.13845414391018615,-0.15858682534050783,-0.5640375427913552,0.5640375427913552,NA,b,26,12.2,-13.8,-15.9,56.4,NA
Benthic Photo (MMP),Shute Reef (20-048),SHUTE ISLAND AND TANCRED ISLAND,20-048,WH,Southern,_,5,2017,2017,2017-07-06,0.2761897090166566,0.1340023293482837,-0.14218737966837292,-0.17404331495010997,-0.5631637855476955,0.5631637855476955,6.115,NA,27.6,13.4,-14.2,-17.4,56.3,6.12
Benthic Photo (MMP),Daydream Reef (No 1) (20-035a),DAYDREAM ISLAND,20-035a,WH,Southern,_,5,2018,2018,2018-06-14,0.041395876644934014,0.03163623733023158,-0.009759639314702431,-0.041993818653716444,-0.5626931147251019,0.5626931147251019,0,NA,4.1,3.2,-1,-4.2,56.3,0
Benthic Photo (MMP),Seaforth Reef (20-095),SEAFORTH ISLAND,20-095,WH,Southern,_,5,2017,2017,2017-06-29,0.10345529235172592,0.08409720467538287,-0.019358087676343047,-0.10726656563152133,-0.5576235351406573,0.5576235351406573,5.98,NA,10.3,8.4,-1.9,-10.7,55.8,5.98
Benthic Photo (LTMP),Havannah Reef (18-065),HAVANNAH ISLAND,18-065,TO,Central,North,9,2021,2020,2021-04-06,0.18388524505970671,0.11146997516988934,-0.07241526988981738,-0.14004963027960127,-0.5546089383052447,0.5546089383052447,8.18,NA,18.4,11.1,-7.2,-14,55.5,8.18
Benthic Photo (MMP),Barren Island Reef (22-009),BARREN ISLAND,22-009,CB,Southern,_,2,2024,2024,2024-05-12,0.5916565683895456,0.2598804032895316,-0.331776165100014,-0.32282240383590355,-0.5530595362830427,0.5530595362830427,11.06,NA,59.2,26,-33.2,-32.3,55.3,11.06
Benthic Photo (MMP),Pine Island Reef (20-061),PINE ISLAND,20-061,WH,Southern,_,5,2017,2017,2017-07-05,0.3924191986290442,0.18321868138667083,-0.20920051724237335,-0.22520289302978763,-0.5500513580672085,0.5500513580672085,5.99,NA,39.2,18.3,-20.9,-22.5,55,5.99
Benthic Photo (LTMP),Tern Reef (20-309),TERN ISLAND,20-309,PO,Southern,_,9,2018,2017,2018-03-17,0.2727779357195451,0.14295959779072398,-0.12981833792882114,-0.17579174670242298,-0.5497764113582659,0.5497764113582659,4.11,n,27.3,14.3,-13,-17.6,55,4.11
Manta Tow (LTMP),Feather Reef (17-034),FEATHER REEF,17-034,IN,Central,_,9,2018,2017,2018-02-20,0.21829571306814705,0.10729321712116137,-0.11100249594698568,-0.1312952800362136,-0.548003270582609,0.548003270582609,8.91,b,21.8,10.7,-11.1,-13.1,54.8,8.91
Benthic Photo (MMP),Middle (Ba-la-ba) Island Reef (23-010),MIDDLE ISLAND,23-010,CB,Southern,_,2,2024,2024,2024-05-11,0.19386016389011806,0.094141417582425,-0.09971874630769306,-0.1149929825956224,-0.547235400287571,0.547235400287571,12.23,NA,19.4,9.4,-10,-11.5,54.7,12.23
Manta Tow (LTMP),Hoskyn Islands Reef (23-080),HOSKYN ISLAND,23-080,CB,Southern,_,9,2025,2024,2024-11-09,0.6184300829752357,0.2796426122542491,-0.33878747072098664,-0.33679134328879173,-0.5454694227054286,0.5454694227054286,11.385,NA,61.8,28,-33.9,-33.7,54.5,11.38
Manta Tow (LTMP),Havannah Reef (18-065),HAVANNAH ISLAND,18-065,TO,Central,_,9,1999,1999,1999-05-01,0.15675834333087105,0.0879874646464947,-0.06877087868437634,-0.10642278114283693,-0.5446120837367425,0.5446120837367425,0.49,b,15.7,8.8,-6.9,-10.6,54.5,0.49
Benthic Photo (MMP),Middle (Ba-la-ba) Island Reef (23-010),MIDDLE ISLAND,23-010,CB,Southern,_,2,2025,2024,2025-04-21,0.094141417582425,0.04823208468649456,-0.045909332895930445,-0.058681033402472244,-0.5437803525804328,0.5437803525804328,12.23,NA,9.4,4.8,-4.6,-5.9,54.4,12.23
Benthic Photo (MMP),Tobias Spit (17-009a),HIGH ISLAND,17-009a,IN,Central,East,2,2024,2024,2024-06-15,0.3552809499113012,0.1601073468744418,-0.1951736030368594,-0.19162219986044923,-0.5432553117090332,0.5432553117090332,6.32,NA,35.5,16,-19.5,-19.2,54.3,6.32
Benthic Photo (MMP),Humpy (Bur-ye-Bur-ye) Reef (23-016),HUMPY ISLAND AND HALFWAY ISLAND,23-016,CB,Southern,_,2,2024,2024,2024-05-12,0.49687349743235776,0.22997353185720512,-0.2668999655751526,-0.2720457807351352,-0.5408257176710192,0.5408257176710192,12.47,NA,49.7,23,-26.7,-27.2,54.1,12.47
Manta Tow (LTMP),Hedley Reef (17-014),HEDLEY REEF,17-014,IN,Central,_,9,2018,2017,2018-02-18,0.1263368767422845,0.07551689777057445,-0.05081997897171005,-0.08963544226685627,-0.5394774593404055,0.5394774593404055,7.98,b,12.6,7.6,-5.1,-9,53.9,7.98
Manta Tow (LTMP),Credlin Reefs (East) (20-287),CREDLIN REEF EAST,20-287,PO,Southern,_,9,2003,2002,2002-09-21,0.30418105900180065,0.15348385325943903,-0.15069720574236162,-0.17955489912308398,-0.5375271516924703,0.5375271516924703,6.5175,b,30.4,15.3,-15.1,-18,53.8,6.52
Manta Tow (LTMP),Horseshoe Reef (No 1) (22-104a),HORSESHOE REEF,22-104a,SW,Southern,_,9,2021,2020,2020-09-07,0.08991300952928293,0.09042595100089959,5.129414716166653e-4,-0.105607159838481,-0.5359868673269382,0.5359868673269382,6.608,NA,9,9,0.1,-10.6,53.6,6.61
Benthic Photo (MMP),Pelorus (North Palm or Yanooa) Reef (18-048),PELORUS IS AND ORPHEUS IS WEST,18-048,TO,Central,West,2,2025,2025,2025-05-16,0.09252394997481067,0.05987468544823029,-0.03264926452658038,-0.07008778984981948,-0.535174596313263,0.535174596313263,NA,NA,9.3,6,-3.3,-7,53.5,NA
Benthic Photo (LTMP),Lady Musgrave Reef (23-082a),LADY MUSGRAVE ISLAND,23-082a,CB,Southern,_,9,2025,2024,2024-11-07,0.6333792303847722,0.28975171899340113,-0.34362751139137104,-0.33193059586506046,-0.5330657189782397,0.5330657189782397,11.195,NA,63.3,29,-34.4,-33.2,53.3,11.2
Benthic Photo (MMP),Humpy (Bur-ye-Bur-ye) Reef (23-016),HUMPY ISLAND AND HALFWAY ISLAND,23-016,CB,Southern,_,5,2024,2024,2024-05-12,0.27456883183503955,0.13594107109759657,-0.13862776073744298,-0.15313434578497936,-0.5279121803243636,0.5279121803243636,12.47,NA,27.5,13.6,-13.9,-15.3,52.8,12.47
Benthic Photo (LTMP),Grub Reef (18-077),GRUB REEF (18-077),18-077,TO,Central,_,9,2018,2017,2018-04-22,0.11562180656137903,0.07544154737666901,-0.04018025918471002,-0.08430941888665394,-0.5244722370660488,0.5244722370660488,5.55,n,11.6,7.5,-4,-8.4,52.4,5.55
Benthic Photo (LTMP),Wreck Island Reef (23-051),WRECK ISLAND,23-051,CB,Southern,_,9,2025,2024,2024-11-05,0.6697295842357892,0.30498058314261584,-0.3647490010931734,-0.3345318470964379,-0.5222878297171891,0.5222878297171891,11.64,NA,67,30.5,-36.5,-33.5,52.2,11.64
Manta Tow (LTMP),Eyrie Reef (14-118),EYRIE REEF,14-118,CL,Northern,_,9,2025,2024,2024-10-02,0.32029059765378537,0.15192250536021698,-0.1683680922935684,-0.1665686590367488,-0.5213560736527545,0.5213560736527545,6.27,NA,32,15.2,-16.8,-16.7,52.1,6.27
Manta Tow (LTMP),St Crispin Reef (16-019),ST. CRISPIN REEF,16-019,CA,Central,_,9,2017,2016,2016-09-14,0.19884073261590862,0.10533824585422165,-0.09350248676168697,-0.11565702558882703,-0.5209886897005283,0.5209886897005283,5.895,b,19.9,10.5,-9.4,-11.6,52.1,5.89
Manta Tow (LTMP),U/N Reef (19-131a),REEF 19-131,19-131a,WH,Southern,_,9,2003,2002,2002-12-05,0.18131386696688748,0.1061327410374464,-0.07518112592944108,-0.11629032075133518,-0.5204938103537095,0.5204938103537095,2.62,b,18.1,10.6,-7.5,-11.6,52,2.62
Manta Tow (LTMP),North Direction Reef (14-143),NORTH DIRECTION ISLAND,14-143,CL,Northern,_,9,2017,2016,2016-12-16,0.06814622269011046,0.05637554371010845,-0.01177067898000201,-0.06168892403814332,-0.518113633771727,0.518113633771727,8.83,n,6.8,5.6,-1.2,-6.2,51.8,8.83
Benthic Photo (MMP),Pelorus (North Palm or Yanooa) Reef (18-048),PELORUS IS AND ORPHEUS IS WEST,18-048,TO,Central,West,2,2018,2018,2018-05-11,0.07306422176420217,0.052395836052346496,-0.020668385711855676,-0.056118406707080126,-0.5124302126651891,0.5124302126651891,0,NA,7.3,5.2,-2.1,-5.6,51.2,0
Manta Tow (LTMP),Hastings Reef (16-057),HASTINGS REEF,16-057,CA,Central,_,9,2018,2017,2017-12-14,0.1766648481995503,0.0989378581488984,-0.07772699005065191,-0.10375210212098106,-0.5093628668959161,0.5093628668959161,10.37333333,b,17.7,9.9,-7.8,-10.4,50.9,10.37
Manta Tow (LTMP),One Tree Island Reef (23-055a),ONE TREE ISLAND,23-055a,CB,Southern,_,9,2025,2024,2024-11-06,0.6064749895445039,0.2967154689292574,-0.3097595206152465,-0.3046056063580744,-0.505719654941121,0.505719654941121,11.53,NA,60.6,29.7,-31,-30.5,50.6,11.53
Manta Tow (LTMP),Lizard Island Reef (North West) (14-116a),LIZARD ISLES,14-116a,CL,Northern,_,9,2025,2024,2024-09-29,0.2133297856632696,0.11486097306724684,-0.09846881259602276,-0.11608222482805283,-0.5004769524668403,0.5004769524668403,6.165,NA,21.3,11.5,-9.8,-11.6,50,6.16
Benthic Photo (LTMP),Opal Reef (16-025),OPAL REEF,16-025,CA,Central,_,9,2021,2020,2021-01-11,0.034707616245961484,0.04993361137324465,0.01522599512728317,-0.049185570622758114,-0.49127020059674315,0.49127020059674315,7.4,NA,3.5,5,1.5,-4.9,49.1,7.4
Manta Tow (LTMP),Moore Reef (16-071),MOORE REEF,16-071,IN,Central,_,9,2018,2017,2017-12-20,0.1749717018058813,0.11165332939034536,-0.06331837241553595,-0.10668509842688251,-0.48639492627248126,0.48639492627248126,10.63,b,17.5,11.2,-6.3,-10.7,48.6,10.63
Benthic Photo (MMP),Fitzroy Island Reef (No 1) (16-054a),FITZROY ISLAND,16-054a,CA,Central,West,2,2024,2024,2024-06-16,0.4612107630161933,0.21942723263160793,-0.24178353038458536,-0.20706023425863027,-0.48436562541796135,0.48436562541796135,7.74,NA,46.1,21.9,-24.2,-20.7,48.4,7.74
Manta Tow (LTMP),U/N Reef (13-121),REEF 13-121,13-121,PB,Unknown,_,9,2017,2016,2016-08-21,0.22067662178568376,0.1338216570138862,-0.08685496477179755,-0.12219689898206813,-0.4754399872357527,0.4754399872357527,9.98,b,22.1,13.4,-8.7,-12.2,47.5,9.98
Benthic Photo (MMP),Pelican Island Reef (23-017),PELICAN ISLAND,23-017,CB,Southern,_,5,2018,2018,2018-05-04,0.1383847977714643,0.1151164279120585,-0.023268369859405807,-0.1044494392644355,-0.47355214386302297,0.47355214386302297,2.13,NA,13.8,11.5,-2.3,-10.4,47.4,2.13
Benthic Photo (LTMP),Roxburgh Reef (18-042),ROXBURGH REEF,18-042,TO,Central,_,9,2018,2017,2018-02-25,0.18614242288823804,0.10375560148709703,-0.08238682140114101,-0.09417163539500432,-0.47339739329319314,0.47339739329319314,7.54,n,18.6,10.4,-8.2,-9.4,47.3,7.54
Manta Tow (LTMP),U/N Reef (20-104),REEF 20-104,20-104,WH,Southern,_,9,2023,2022,2023-01-28,0.26785735123735,0.16222060434747407,-0.10563674688987593,-0.14677163564564605,-0.47346874118172594,0.47346874118172594,4.07,NA,26.8,16.2,-10.6,-14.7,47.3,4.07
Benthic Photo (LTMP),Arlington Reef (16-064),ARLINGTON REEF,16-064,CA,Central,_,9,2018,2017,2017-12-13,0.2045257246567271,0.10850396112450388,-0.09602176353222323,-0.09665562925331725,-0.4688388693253611,0.4688388693253611,11.03,b,20.5,10.9,-9.6,-9.7,46.9,11.03
Manta Tow (LTMP),Tern Reef (20-309),TERN ISLAND,20-309,PO,Southern,_,9,2025,2024,2025-01-14,0.23058207569061542,0.13966852747250766,-0.09091354821810776,-0.1204299939224622,-0.4612434926059383,0.4612434926059383,7.65,NA,23.1,14,-9.1,-12,46.1,7.65
Manta Tow (LTMP),Gannett Cay Reef (21-556),GANNET CAY,21-556,SW,Southern,_,9,2023,2022,2022-09-08,0.11163186919026033,0.08593489396254193,-0.025696975227718397,-0.07360311220618437,-0.45847780200301674,0.45847780200301674,0.66,NA,11.2,8.6,-2.6,-7.4,45.8,0.66
Benthic Photo (MMP),Hook Island Reef (No 4) (20-028d),HOOK ISLAND,20-028d,WH,Southern,_,5,2018,2018,2018-06-14,0.29956463227396773,0.1729128890987321,-0.12665174317523564,-0.1454208059522482,-0.4553882293224095,0.4553882293224095,0,NA,30,17.3,-12.7,-14.5,45.5,0
Benthic Photo (MMP),Pelorus (North Palm or Yanooa) Reef (18-048),PELORUS IS AND ORPHEUS IS WEST,18-048,TO,Central,West,2,2017,2017,2017-05-10,0.09690920495415663,0.07306422176420217,-0.023844983189954455,-0.06157743199935169,-0.4539714039957923,0.4539714039957923,9.295,NA,9.7,7.3,-2.4,-6.2,45.4,9.3
Benthic Photo (MMP),Double Cone Reef (20-024),DOUBLE CONE ISLAND,20-024,WH,Southern,_,2,2023,2023,2023-06-27,0.013016977165989527,0.016352467345396856,0.0033354901794073293,-0.01442014295495377,-0.45385452497098216,0.45385452497098216,1.07,NA,1.3,1.6,0.3,-1.4,45.4,1.07
Manta Tow (LTMP),U/N Reef (22-084),REEF 22-084,22-084,SW,Southern,_,9,2025,2024,2024-11-18,0.15022670123802098,0.10558523495026016,-0.04464146628776082,-0.08769647626186439,-0.4513882223639355,0.4513882223639355,8.45,NA,15,10.6,-4.5,-8.8,45.1,8.45
Benthic Photo (LTMP),U/N Reef (20-348),REEF 20-348,20-348,PO,Southern,_,9,2018,2017,2018-03-11,0.09592358991116845,0.08833883581824346,-0.007584754092924986,-0.07332168854404734,-0.4507651062327777,0.4507651062327777,2.6175,NA,9.6,8.8,-0.8,-7.3,45.1,2.62
Benthic Photo (MMP),Middle (Ba-la-ba) Island Reef (23-010),MIDDLE ISLAND,23-010,CB,Southern,_,5,2024,2024,2024-05-11,0.2096906034389076,0.12330852251969322,-0.08638208091921439,-0.101644116680238,-0.449846999088599,0.449846999088599,12.23,NA,21,12.3,-8.6,-10.2,45,12.23
Manta Tow (LTMP),Hastings Reef (16-057),HASTINGS REEF,16-057,CA,Central,_,9,2025,2024,2024-10-09,0.2675786329407455,0.15281970484703908,-0.11475892809370644,-0.12502034022053335,-0.44835862865477827,0.44835862865477827,7.39,NA,26.8,15.3,-11.5,-12.5,44.8,7.39
Manta Tow (LTMP),Farquharson Reef (No 1) (17-063a),FARQUHARSON REEF,17-063a,IN,Central,_,9,2024,2023,2024-02-05,0.10915025396054236,0.07791532665248674,-0.03123492730805562,-0.0635114855413654,-0.4459236611637572,0.4459236611637572,0.64,NA,10.9,7.8,-3.1,-6.4,44.6,0.64
Manta Tow (LTMP),Marx Reef (15-027),MARX REEF,15-027,CL,Northern,_,9,2025,2024,2024-12-22,0.4565804759200455,0.2151845201178832,-0.24139595580216233,-0.17030731268083815,-0.44064918900765343,0.44064918900765343,4.29,NA,45.7,21.5,-24.1,-17,44.1,4.29
Manta Tow (LTMP),Wardle Reef (17-032),WARDLE REEF,17-032,IN,Central,_,9,2017,2016,2017-04-28,0.17153797099516707,0.11585429765207717,-0.05568367334308991,-0.09128832630783698,-0.43858544958776946,0.43858544958776946,3.89,b,17.2,11.6,-5.6,-9.1,43.9,3.89
Manta Tow (LTMP),Arlington Reef (16-064),ARLINGTON REEF,16-064,CA,Central,_,9,2018,2017,2017-12-14,0.1565020120603447,0.09500882563750339,-0.06149318642284131,-0.07415879193671301,-0.43579849676375476,0.43579849676375476,11.03,b,15.7,9.5,-6.1,-7.4,43.6,11.03
Benthic Photo (MMP),Daydream Reef (No 1) (20-035a),DAYDREAM ISLAND,20-035a,WH,Southern,_,2,2023,2023,2023-06-28,0.011501397540950004,0.01538463975342603,0.0038832422124760266,-0.012645467042299555,-0.4355983645282863,0.4355983645282863,0.3,NA,1.2,1.5,0.4,-1.3,43.6,0.3
Benthic Photo (MMP),Daydream Reef (No 1) (20-035a),DAYDREAM ISLAND,20-035a,WH,Southern,_,5,2021,2021,2021-06-16,0.028207645943130202,0.030741167954061253,0.002533522010931051,-0.024394279583507587,-0.4345610599645016,0.4345610599645016,0,NA,2.8,3.1,0.3,-2.4,43.5,0
Benthic Photo (MMP),Pandora Reef (18-051),PANDORA REEF,18-051,TO,Central,South,5,2025,2024,2025-04-30,0.22483513772346203,0.14489981085459192,-0.07993532686887012,-0.11117209649387189,-0.4324552520753537,0.4324552520753537,6.58,NA,22.5,14.5,-8,-11.1,43.2,6.58
Benthic Photo (MMP),Richards (Bedarra) Reef (18-001),BEDARRA ISLAND,18-001,IN,Central,_,5,2025,2025,2025-05-23,0.19150927774325885,0.125034937628675,-0.06647434011458384,-0.09550207393952267,-0.43108857189816985,0.43108857189816985,NA,NA,19.2,12.5,-6.6,-9.6,43.1,NA
Benthic Photo (MMP),Shute Reef (20-048),SHUTE ISLAND AND TANCRED ISLAND,20-048,WH,Southern,_,2,2017,2017,2017-07-06,0.586185143015351,0.31045404310839464,-0.2757310999069563,-0.2328871837799763,-0.42783308020087724,0.42783308020087724,6.115,NA,58.6,31,-27.6,-23.3,42.8,6.12
Benthic Photo (MMP),Snapper Reef (16-006),SNAPPER ISLAND,16-006,CA,Central,North,5,2017,2017,2017-09-04,0.21863086996518635,0.14598638332526984,-0.07264448663991652,-0.10921348530605234,-0.4262823626315484,0.4262823626315484,11.6775,NA,21.9,14.6,-7.3,-10.9,42.6,11.68
Manta Tow (LTMP),Credlin Reefs (East) (20-287),CREDLIN REEF EAST,20-287,PO,Southern,_,9,2023,2022,2023-02-04,0.14328757398651668,0.129736035321844,-0.01355153866467268,-0.09684213790404728,-0.42553350583372057,0.42553350583372057,6.71,NA,14.3,13,-1.4,-9.7,42.6,6.71
Benthic Photo (MMP),Pandora Reef (18-051),PANDORA REEF,18-051,TO,Central,South,2,2017,2017,2017-05-09,0.05211422467090453,0.04779268350499239,-0.004321541165912136,-0.03603636451256629,-0.42481161058305356,0.42481161058305356,8.52,NA,5.2,4.8,-0.4,-3.6,42.5,8.52
Manta Tow (LTMP),Corbett Reef (14-016),CORBETT REEF,14-016,PB,Unknown,_,9,2025,2024,2024-12-20,0.32459695544892575,0.1882912015536389,-0.13630575389528685,-0.13944053842890758,-0.42417728947107747,0.42417728947107747,7.11375,NA,32.5,18.8,-13.6,-13.9,42.4,7.11
Benthic Photo (MMP),Pelorus (North Palm or Yanooa) Reef (18-048),PELORUS IS AND ORPHEUS IS WEST,18-048,TO,Central,West,2,2024,2024,2024-05-31,0.12295487087895199,0.09252394997481067,-0.030430920904141318,-0.06896605609870088,-0.4244326021349287,0.4244326021349287,5.345,NA,12.3,9.3,-3,-6.9,42.4,5.34
Manta Tow (LTMP),Wheeler Reef (18-095),WHEELER REEF,18-095,TO,Central,_,9,1999,1998,1999-04-23,0.44912914405328164,0.26743776272065445,-0.1816913813326272,-0.19773467581013432,-0.4241663802204273,0.4241663802204273,2.435,n,44.9,26.7,-18.2,-19.8,42.4,2.44
Benthic Photo (MMP),Richards (Bedarra) Reef (18-001),BEDARRA ISLAND,18-001,IN,Central,_,2,2017,2017,2017-05-03,0.09857322982645339,0.07665833540929687,-0.021914894417156522,-0.056881224776209174,-0.4227843817668209,0.4227843817668209,7.455,NA,9.9,7.7,-2.2,-5.7,42.3,7.46
Manta Tow (LTMP),Wardle Reef (17-032),WARDLE REEF,17-032,IN,Central,_,9,1999,1998,1999-02-10,0.20047725800805327,0.1328443239788652,-0.06763293402918807,-0.09816422118375576,-0.42310605893825953,0.42310605893825953,1.444,n,20,13.3,-6.8,-9.8,42.3,1.44
Benthic Photo (MMP),Seaforth Reef (20-095),SEAFORTH ISLAND,20-095,WH,Southern,_,2,2025,2025,2025-06-03,0.08618708296979419,0.07345522930069344,-0.012731853669100748,-0.05454829458801182,-0.42284344600595614,0.42284344600595614,NA,NA,8.6,7.3,-1.3,-5.5,42.3,NA
Manta Tow (LTMP),Low Islands Reef (16-028),LOW ISLES,16-028,CA,Central,_,9,2025,2024,2024-12-24,0.5110399637147486,0.29757599907640114,-0.21346396463834744,-0.21732933166706253,-0.42125816252736215,0.42125816252736215,6.42,NA,51.1,29.8,-21.3,-21.7,42.1,6.42
Benthic Photo (MMP),Tobias Spit (17-009a),HIGH ISLAND,17-009a,IN,Central,West,5,2023,2023,2023-08-17,0.26325236915089423,0.16238442810370077,-0.10086794104719346,-0.11806861730186044,-0.41949667708064364,0.41949667708064364,0.3,NA,26.3,16.2,-10.1,-11.8,41.9,0.3
Benthic Photo (LTMP),Linnet Reef (14-126),LINNET REEF,14-126,CL,Northern,_,9,2025,2024,2024-09-28,0.31732653959228374,0.18589676981759506,-0.13142976977468868,-0.13321915318628214,-0.416159096168011,0.416159096168011,6.565,NA,31.7,18.6,-13.1,-13.3,41.6,6.57
Manta Tow (LTMP),U/N Reef (19-138),REEF 19-138,19-138,WH,Southern,_,9,2003,2002,2002-12-04,0.2228184343848005,0.15125600175909523,-0.07156243262570527,-0.10799798028620583,-0.41497148069537393,0.41497148069537393,2.745,b,22.3,15.1,-7.2,-10.8,41.5,2.74
Benthic Photo (MMP),Normanby-Mabel Reef (17-012),FRANKLAND ISLANDS,17-012,IN,Central,East,5,2024,2024,2024-06-17,0.32729433957230986,0.19259546303681788,-0.13469887653549198,-0.1367745598190305,-0.4140041479450751,0.4140041479450751,6.45,NA,32.7,19.3,-13.5,-13.7,41.4,6.45
Manta Tow (LTMP),St Crispin Reef (16-019),ST. CRISPIN REEF,16-019,CA,Central,_,9,2023,2022,2022-11-01,0.2027604014097776,0.1413934865877316,-0.06136691482204601,-0.0999543254224659,-0.4124416250898937,0.4124416250898937,4.46,NA,20.3,14.1,-6.1,-10,41.2,4.46
Benthic Photo (MMP),Pine Island Reef (20-061),PINE ISLAND,20-061,WH,Southern,_,2,2018,2018,2018-06-16,0.11512450523437846,0.0935836249818334,-0.021540880252545067,-0.06564842434142085,-0.40970844858247335,0.40970844858247335,0,NA,11.5,9.4,-2.2,-6.6,41,0
Benthic Photo (LTMP),Martin Reef (14-123),MARTIN REEF,14-123,CL,Northern,_,9,2025,2024,2024-09-30,0.20952153168187226,0.1324936603891952,-0.07702787129267707,-0.09231410268164494,-0.4088172232266624,0.4088172232266624,6.47,NA,21,13.2,-7.7,-9.2,40.9,6.47
Benthic Photo (LTMP),Gannett Cay Reef (21-556),GANNET CAY,21-556,SW,Southern,_,9,2003,2002,2002-09-10,0.03718545058605967,0.04036260724180141,0.003177156655741739,-0.028464518278047066,-0.4076427042662093,0.4076427042662093,4.2,n,3.7,4,0.3,-2.8,40.8,4.2
Manta Tow (LTMP),Turner Reef (21-562),TURNER CAY,21-562,SW,Southern,_,9,2025,2024,2025-01-08,0.21160583760646007,0.14488478644850913,-0.06672105115795093,-0.09987587559033079,-0.40639488338677426,0.40639488338677426,8.96,NA,21.2,14.5,-6.7,-10,40.6,8.96
Benthic Photo (MMP),Pelorus (North Palm or Yanooa) Reef (18-048),PELORUS IS AND ORPHEUS IS WEST,18-048,TO,Central,West,5,2025,2025,2025-05-16,0.15058515924010674,0.11166039247058535,-0.03892476676952139,-0.07687431467653529,-0.40559492155103766,0.40559492155103766,NA,NA,15.1,11.2,-3.9,-7.7,40.6,NA
Manta Tow (LTMP),Rib Reef (18-032),RIB REEF,18-032,TO,Central,_,9,2003,2002,2003-03-09,0.11760901385257107,0.09484920388357448,-0.022759809968996583,-0.06453897490907823,-0.40239234209718905,0.40239234209718905,2.6,n,11.8,9.5,-2.3,-6.5,40.2,2.6
Benthic Photo (MMP),Middle (Ba-la-ba) Island Reef (23-010),MIDDLE ISLAND,23-010,CB,Southern,_,2,2021,2021,2021-05-06,0.34099658036103425,0.21195237308726161,-0.12904420727377264,-0.14142765840055907,-0.3990847277900861,0.3990847277900861,0,NA,34.1,21.2,-12.9,-14.1,39.9,0
Benthic Photo (MMP),Double Cone Reef (20-024),DOUBLE CONE ISLAND,20-024,WH,Southern,_,5,2021,2021,2021-06-15,0.18530101979222574,0.13676908496612902,-0.04853193482609672,-0.09121718414943927,-0.3983522003382761,0.3983522003382761,0,NA,18.5,13.7,-4.9,-9.1,39.8,0
Benthic Photo (LTMP),Fairfax Islands Reef (23-081),FAIRFAX ISLAND,23-081,CB,Southern,_,9,2018,2017,2017-10-13,0.20753842666724026,0.20665528244203374,-8.831442252065225e-4,-0.1344143318710975,-0.39294437812314525,0.39294437812314525,3.543333333,n,20.8,20.7,-0.1,-13.4,39.3,3.54
Manta Tow (LTMP),East Cay Reef (21-305),EAST CAY,21-305,SW,Southern,_,9,2025,2024,2025-01-09,0.31352435423231356,0.22639056375339997,-0.08713379047891359,-0.1465859425441276,-0.3919656451026018,0.3919656451026018,7.67,NA,31.4,22.6,-8.7,-14.7,39.2,7.67
Manta Tow (LTMP),U/N Reef (19-131a),REEF 19-131,19-131a,WH,Southern,_,9,1999,1998,1999-03-09,0.17686335135821454,0.13218928626838453,-0.04467406508983002,-0.08592726686913127,-0.39215324282325675,0.39215324282325675,0.646666667,b,17.7,13.2,-4.5,-8.6,39.2,0.65
Benthic Photo (MMP),Normanby-Mabel Reef (17-012),FRANKLAND ISLANDS,17-012,IN,Central,East,5,2021,2021,2021-06-24,0.4095031018460174,0.24209750380173037,-0.16740559804428704,-0.15631426098576678,-0.3913611835368248,0.3913611835368248,0.3,NA,41,24.2,-16.7,-15.6,39.1,0.3
Benthic Photo (MMP),Pine Island Reef (20-061),PINE ISLAND,20-061,WH,Southern,_,2,2023,2023,2023-06-26,0.06544150381709832,0.06317441071504845,-0.0022670931020498664,-0.04082742033633407,-0.3888257940602504,0.3888257940602504,0.29,NA,6.5,6.3,-0.2,-4.1,38.9,0.29
Manta Tow (LTMP),Penrith Reef (21-025),PENRITH ISLAND,21-025,PO,Southern,_,9,2025,2024,2025-01-13,0.363835749390651,0.21068224376707284,-0.15315350562357816,-0.1326362950149926,-0.38521392279416017,0.38521392279416017,8.15,NA,36.4,21.1,-15.3,-13.3,38.5,8.15
Benthic Photo (LTMP),St Crispin Reef (16-019),ST. CRISPIN REEF,16-019,CA,Central,_,9,2017,2016,2016-09-13,0.2076522350927435,0.14007185911529177,-0.06758037597745173,-0.08807325671892913,-0.3843558105015308,0.3843558105015308,5.895,b,20.8,14,-6.8,-8.8,38.4,5.89
Benthic Photo (LTMP),Fitzroy Island Reef (No 1) (16-054a),FITZROY ISLAND,16-054a,CA,Central,West(LTMP),9,2003,2002,2002-11-08,0.08217436790445695,0.06910764617673713,-0.013066721727719818,-0.04364424261467187,-0.38367927845755523,0.38367927845755523,1.375,NA,8.2,6.9,-1.3,-4.4,38.4,1.38
Manta Tow (LTMP),Agincourt Reefs (No 1) (15-099c),AGINCOURT REEF NO.1,15-099c,CA,Central,_,9,2017,2016,2016-09-13,0.1830756463147309,0.13325982220983068,-0.04981582410490021,-0.08342276727087491,-0.3832312334665108,0.3832312334665108,NA,b,18.3,13.3,-5,-8.3,38.3,NA
Benthic Photo (MMP),Dent Reef (No 1) (20-058a),DENT ISLAND,20-058a,WH,Southern,_,2,2017,2017,2017-07-05,0.5800179371163663,0.31498917341696664,-0.26502876369939965,-0.1950507266712347,-0.38167416406736643,0.38167416406736643,5.905,NA,58,31.5,-26.5,-19.5,38.2,5.9
Manta Tow (LTMP),Grub Reef (18-077),GRUB REEF (18-077),18-077,TO,Central,_,9,2018,2017,2018-04-22,0.11433977334345008,0.09771161919383989,-0.01662815414961019,-0.061134255762548946,-0.38245751277115136,0.38245751277115136,5.55,n,11.4,9.8,-1.7,-6.1,38.2,5.55
Manta Tow (LTMP),Gannett Cay Reef (21-556),GANNET CAY,21-556,SW,Southern,_,9,2003,2002,2002-09-10,0.0952286536713717,0.08694363644327527,-0.008285017228096436,-0.05433630484933841,-0.3818971553944493,0.3818971553944493,4.2,n,9.5,8.7,-0.8,-5.4,38.2,4.2
Benthic Photo (LTMP),Gannett Cay Reef (21-556),GANNET CAY,21-556,SW,Southern,_,9,2025,2024,2024-11-17,0.07002682803684913,0.06869703117329128,-0.0013297968635578583,-0.04298507097511721,-0.3814720364242364,0.3814720364242364,8.47,NA,7,6.9,-0.1,-4.3,38.1,8.47
Manta Tow (LTMP),U/N Reef (11-049),REEF 11-049,11-049,CG,Northern,_,9,2025,2024,2024-12-14,0.2584622365258491,0.17452062249854547,-0.08394161402730363,-0.10814704804533055,-0.3812455886776953,0.3812455886776953,5.23,NA,25.8,17.5,-8.4,-10.8,38.1,5.23
Manta Tow (LTMP),MacGillivray Reef (14-114),MACGILLIVRAY REEF,14-114,CL,Northern,_,9,2025,2024,2024-09-26,0.4652605846420815,0.28430049777813515,-0.18096008686394632,-0.17508458875634111,-0.38030030484758065,0.38030030484758065,5.98,NA,46.5,28.4,-18.1,-17.5,38,5.98
Manta Tow (LTMP),John Brewer Reef (18-075),JOHN BREWER REEF,18-075,TO,Central,_,9,2024,2024,2024-06-01,0.23435897874287936,0.17301712703418218,-0.06134185170869719,-0.104947022410111,-0.3762025429402643,0.3762025429402643,5.705,NA,23.4,17.3,-6.1,-10.5,37.6,5.7
Benthic Photo (LTMP),Rebe Reef (19-209),REBE REEF,19-209,WH,Southern,_,9,2025,2024,2025-01-20,0.34370121589495445,0.21691428138080318,-0.12678693451415127,-0.13054151134562608,-0.3746286159407128,0.3746286159407128,10.2025,NA,34.4,21.7,-12.7,-13.1,37.5,10.2
Benthic Photo (MMP),Seaforth Reef (20-095),SEAFORTH ISLAND,20-095,WH,Southern,_,5,2025,2025,2025-06-03,0.12128837945119916,0.1032114592991782,-0.01807692015202096,-0.06240813538276771,-0.37455459846662287,0.37455459846662287,NA,NA,12.1,10.3,-1.8,-6.2,37.5,NA
Benthic Photo (MMP),Double Cone Reef (20-024),DOUBLE CONE ISLAND,20-024,WH,Southern,_,2,2024,2024,2024-07-18,0.016352467345396856,0.02259407516482427,0.0062416078194274145,-0.013954842551209504,-0.3716443349111669,0.3716443349111669,8.4,NA,1.6,2.3,0.6,-1.4,37.2,8.4
Manta Tow (LTMP),Thetford Reef (16-068),THETFORD REEF,16-068,CA,Central,_,9,2018,2017,2017-12-11,0.19040058159135265,0.13454278865531297,-0.05585779293603968,-0.07984949591087191,-0.3707166023689956,0.3707166023689956,10.95,b,19,13.5,-5.6,-8,37.1,10.95
Benthic Photo (LTMP),East Cay Reef (21-305),EAST CAY,21-305,SW,Southern,_,9,2025,2024,2025-01-06,0.1774025284140376,0.14647038718211997,-0.030932141231917648,-0.08659922616084313,-0.3699720990009769,0.3699720990009769,7.67,NA,17.7,14.6,-3.1,-8.7,37,7.67
Benthic Photo (MMP),Pine Island Reef (20-061),PINE ISLAND,20-061,WH,Southern,_,2,2025,2025,2025-06-22,0.08009933556068624,0.07593785468123027,-0.0041614808794559754,-0.045186596248911824,-0.37000449872859253,0.37000449872859253,NA,NA,8,7.6,-0.4,-4.5,37,NA
Benthic Photo (MMP),North Keppel (Ko-no-mie) Island Reef (No 2) (23-004b),NORTH KEPPEL ISLAND,23-004b,CB,Southern,_,5,2025,2024,2025-04-21,0.19953314021729673,0.15200085058909504,-0.04753228962820169,-0.0887643922437019,-0.36715117195357444,0.36715117195357444,12.135,NA,20,15.2,-4.8,-8.9,36.7,12.13
Manta Tow (LTMP),Lady Musgrave Reef (23-082a),LADY MUSGRAVE ISLAND,23-082a,CB,Southern,_,9,2025,2024,2024-11-07,0.6318089437365313,0.39267387347992694,-0.23913507025660435,-0.22786062440256544,-0.36660977818425916,0.36660977818425916,11.195,NA,63.2,39.3,-23.9,-22.8,36.7,11.2
Manta Tow (LTMP),U/N Reef (13-124),REEF 13-124,13-124,PB,Unknown,_,9,2025,2024,2024-12-08,0.3940946693282352,0.24292243716243056,-0.15117223216580467,-0.1400324752354815,-0.36471072699900425,0.36471072699900425,8.035,NA,39.4,24.3,-15.1,-14,36.5,8.04
Manta Tow (LTMP),Wreck Island Reef (23-051),WRECK ISLAND,23-051,CB,Southern,_,9,2025,2024,2024-11-05,0.5789666427911073,0.3644854086567966,-0.21448123413431075,-0.2089734238859475,-0.36377441175542946,0.36377441175542946,11.64,NA,57.9,36.4,-21.4,-20.9,36.4,11.64
Benthic Photo (MMP),Magnetic Island Reef (No 2) (19-009c),GEOFFREY BAY,19-009c,TO,Central,_,2,2024,2024,2024-06-05,0.2701302451098475,0.1754775904854695,-0.09465265462437802,-0.10034527197815798,-0.36248910615662255,0.36248910615662255,9.07,NA,27,17.5,-9.5,-10,36.2,9.07
Manta Tow (LTMP),Hayman Island Reef (20-014),HAYMAN ISLAND,20-014,WH,Southern,_,9,2023,2022,2023-02-06,0.22305427943616585,0.15508503949186497,-0.06796923994430087,-0.08860705308129055,-0.36211653653989545,0.36211653653989545,5.096666667,NA,22.3,15.5,-6.8,-8.9,36.2,5.1
Benthic Photo (LTMP),North Direction Reef (14-143),NORTH DIRECTION ISLAND,14-143,CL,Northern,_,9,2025,2024,2024-09-27,0.17564623667562165,0.12700527340516296,-0.04864096327045869,-0.07229706549319287,-0.3609396969142746,0.3609396969142746,6.505,NA,17.6,12.7,-4.9,-7.2,36.1,6.5
Benthic Photo (MMP),Middle (Ba-la-ba) Island Reef (23-010),MIDDLE ISLAND,23-010,CB,Southern,_,5,2025,2024,2025-04-21,0.12330852251969322,0.087725896875833,-0.03558262564386022,-0.049648656564200526,-0.35879903732239643,0.35879903732239643,12.23,NA,12.3,8.8,-3.6,-5,35.9,12.23
Manta Tow (LTMP),Fairfax Islands Reef (23-081),FAIRFAX ISLAND,23-081,CB,Southern,_,9,2025,2024,2024-11-08,0.6500704629813622,0.40722478553053854,-0.24284567745082364,-0.22839782454697571,-0.3587648646647444,0.3587648646647444,11.28,NA,65,40.7,-24.3,-22.8,35.9,11.28
Manta Tow (LTMP),U/N Reef (21-296),REEF 21-296,21-296,SW,Southern,_,9,2018,2017,2018-01-20,0.214354468626492,0.16427129679389688,-0.050083171832595114,-0.0922182262722112,-0.35814360589939426,0.35814360589939426,2.53,n,21.4,16.4,-5,-9.2,35.8,2.53
Benthic Photo (MMP),Pandora Reef (18-051),PANDORA REEF,18-051,TO,Central,South,2,2023,2022,2023-04-30,0.14340105027060224,0.11650540745450022,-0.026895642816102017,-0.06511938505302717,-0.35657472437836224,0.35657472437836224,8.72,NA,14.3,11.7,-2.7,-6.5,35.7,8.72
Manta Tow (LTMP),Opal Reef (16-025),OPAL REEF,16-025,CA,Central,_,9,2017,2016,2016-09-15,0.20866431477244923,0.15983020897091535,-0.048834105801533884,-0.08926586685034434,-0.3569262994519812,0.3569262994519812,5.82,b,20.9,16,-4.9,-8.9,35.7,5.82
Manta Tow (LTMP),U/N Reef (21-187),REEF 21-187,21-187,SW,Southern,_,9,2025,2024,2025-01-10,0.6246600212356924,0.3486641253272356,-0.2759958959084568,-0.19314870048028843,-0.3558292864450056,0.3558292864450056,7.17,NA,62.5,34.9,-27.6,-19.3,35.6,7.17
Manta Tow (LTMP),Michaelmas Reef (16-060),MICHAELMAS CAY,16-060,CA,Central,_,9,2021,2020,2021-01-22,0.10120382631987114,0.1084927935854833,0.007288967265612165,-0.059881330222512005,-0.353544737981312,0.353544737981312,7.51,NA,10.1,10.8,0.7,-6,35.4,7.51
Manta Tow (LTMP),Boulder Reef (15-012),BOULDER REEF,15-012,CL,Northern,_,9,2025,2024,2024-12-23,0.32036762774258476,0.20824557103281469,-0.11212205670977007,-0.1145990002536027,-0.35387037614488237,0.35387037614488237,2.99,NA,32,20.8,-11.2,-11.5,35.4,2.99
Benthic Photo (LTMP),Myrmidon Reef (18-034),MYRMIDON REEF,18-034,TO,Central,_,9,2003,2002,2003-03-12,0.3449317576204799,0.23445452802873,-0.11047722959174988,-0.12848261494450708,-0.35303518045684973,0.35303518045684973,3.82,n,34.5,23.4,-11,-12.8,35.3,3.82
Manta Tow (LTMP),Ben Reef (20-113),BEN REEF,20-113,PO,Southern,_,9,2023,2022,2023-02-03,0.6037808687413737,0.4306916278997435,-0.1730892408416302,-0.23589075032252318,-0.3533507744028334,0.3533507744028334,2.23,NA,60.4,43.1,-17.3,-23.6,35.3,2.23
Benthic Photo (LTMP),Havannah Reef (18-065),HAVANNAH ISLAND,18-065,TO,Central,North,9,2017,2016,2017-04-24,0.03393456231043068,0.060537829703790146,0.026603267393359463,-0.033299405137912894,-0.35112163691291065,0.35112163691291065,3.33,n,3.4,6.1,2.7,-3.3,35.1,3.33
Manta Tow (LTMP),Chinaman Reef (22-102),CHINAMAN REEF (22-102),22-102,SW,Southern,_,9,2023,2022,2022-09-04,0.22218613643748722,0.17624192082141965,-0.04594421561606757,-0.09584911406739936,-0.3509786181974868,0.3509786181974868,0.355,NA,22.2,17.6,-4.6,-9.6,35.1,0.36
Benthic Photo (MMP),Seaforth Reef (20-095),SEAFORTH ISLAND,20-095,WH,Southern,_,5,2021,2021,2021-06-04,0.123569283021143,0.10881778312193728,-0.014751499899205725,-0.059145099841323164,-0.3500478850978399,0.3500478850978399,0,NA,12.4,10.9,-1.5,-5.9,35,0
Benthic Photo (MMP),North Keppel (Ko-no-mie) Island Reef (No 2) (23-004b),NORTH KEPPEL ISLAND,23-004b,CB,Southern,_,5,2024,2024,2024-05-12,0.26841942818408787,0.19953314021729673,-0.06888628796679114,-0.107547861917038,-0.3490895614204187,0.3490895614204187,12.135,NA,26.8,20,-6.9,-10.8,34.9,12.13
Manta Tow (LTMP),Snake Reef (14-087),SNAKE REEF,14-087,CL,Northern,_,9,2025,2024,2024-11-13,0.29321535546036537,0.1935847225225385,-0.09963063293782687,-0.1040913109023718,-0.3485090842702022,0.3485090842702022,6.91,NA,29.3,19.4,-10,-10.4,34.9,6.91
Benthic Photo (MMP),Orpheus (Goolboddi) Island Reef (No 5) (18-049e),ORPHEUS ISLAND EAST,18-049e,TO,Central,East,2,2024,2024,2024-05-31,0.43251261921953915,0.2869674987340918,-0.14554512048544738,-0.1535081678690039,-0.3477160339326559,0.3477160339326559,5.53,NA,43.3,28.7,-14.6,-15.4,34.8,5.53
Benthic Photo (MMP),Seaforth Reef (20-095),SEAFORTH ISLAND,20-095,WH,Southern,_,5,2023,2023,2023-06-26,0.10742404271729464,0.09847645164875594,-0.008947591068538693,-0.05265601318509772,-0.34611950343803477,0.34611950343803477,0.14,NA,10.7,9.8,-0.9,-5.3,34.6,0.14
Manta Tow (LTMP),Myrmidon Reef (18-034),MYRMIDON REEF,18-034,TO,Central,_,9,2025,2024,2025-04-05,0.46454341268106875,0.2953049350308271,-0.16923847765024164,-0.15576428970891074,-0.34455849056875365,0.34455849056875365,8.73,NA,46.5,29.5,-16.9,-15.6,34.5,8.73
Benthic Photo (LTMP),Feather Reef (17-034),FEATHER REEF,17-034,IN,Central,_,9,2018,2017,2018-02-20,0.4988082670890327,0.27840489714813027,-0.22040336994090243,-0.1456736288345588,-0.34269816029354355,0.34269816029354355,8.91,b,49.9,27.8,-22,-14.6,34.3,8.91
Benthic Photo (LTMP),East Cay Reef (21-305),EAST CAY,21-305,SW,Southern,_,9,2024,2024,2024-05-04,0.21909190697703518,0.1774025284140376,-0.041689378562997564,-0.09278240164342862,-0.3421370119046338,0.3421370119046338,7.67,NA,21.9,17.7,-4.2,-9.3,34.2,7.67
Benthic Photo (MMP),Stingaree Reefs (17-053),DUNK ISLAND,17-053,IN,Central,South,2,2017,2017,2017-05-02,0.1615011383178154,0.11152974639826232,-0.049971391919553076,-0.05816256624926938,-0.3407450830511109,0.3407450830511109,7.55,NA,16.2,11.2,-5,-5.8,34.1,7.55
Manta Tow (LTMP),U/N Reef (21-529),REEF 21-529,21-529,SW,Southern,_,9,2025,2024,2024-11-19,0.6491509096157588,0.41061970048050556,-0.23853120913525327,-0.21232573466703716,-0.34029535710414976,0.34029535710414976,7.19,NA,64.9,41.1,-23.9,-21.2,34,7.19
Benthic Photo (LTMP),Turner Reef (21-562),TURNER CAY,21-562,SW,Southern,_,9,2025,2024,2025-01-08,0.12528128336068736,0.11213948041156621,-0.01314180294912115,-0.05750791431116348,-0.33699848980761266,0.33699848980761266,8.96,NA,12.5,11.2,-1.3,-5.8,33.7,8.96
Manta Tow (LTMP),Feather Reef (17-034),FEATHER REEF,17-034,IN,Central,_,9,2003,2002,2002-11-10,0.08702662515513186,0.07670637101576246,-0.010320254139369406,-0.03950038492376348,-0.33701457400752666,0.33701457400752666,1.07,n,8.7,7.7,-1,-4,33.7,1.07
Manta Tow (LTMP),U/N Reef (20-348),REEF 20-348,20-348,PO,Southern,_,9,2025,2024,2025-01-15,0.2718157702712433,0.18495687372280628,-0.08685889654843704,-0.09373019875939254,-0.33512524525193477,0.33512524525193477,8.2625,NA,27.2,18.5,-8.7,-9.4,33.5,8.26
Benthic Photo (LTMP),Havannah Reef (18-065),HAVANNAH ISLAND,18-065,TO,Central,North,9,2003,2002,2003-03-07,0.059715089121342005,0.06147821687819743,0.0017631277568554218,-0.031537996409328195,-0.33545274061269553,0.33545274061269553,2.28,n,6,6.1,0.2,-3.2,33.5,2.28
Benthic Photo (MMP),Seaforth Reef (20-095),SEAFORTH ISLAND,20-095,WH,Southern,_,2,2024,2024,2024-07-17,0.08750189043508103,0.08618708296979419,-0.001314807465286838,-0.04328623165413075,-0.3317631025079617,0.3317631025079617,9.47,NA,8.8,8.6,-0.1,-4.3,33.2,9.47
Manta Tow (LTMP),U/N Reef (21-060),REEF 21-060,21-060,PO,Southern,_,9,2025,2024,2025-01-11,0.4183772154643925,0.28597806281198546,-0.13239915265240704,-0.14235793296156365,-0.33157698018092463,0.33157698018092463,8.99,NA,41.8,28.6,-13.2,-14.2,33.2,8.99
Benthic Photo (MMP),Pine Island Reef (20-061),PINE ISLAND,20-061,WH,Southern,_,5,2018,2018,2018-06-16,0.18321868138667083,0.15058579255206694,-0.032632888834603885,-0.07546579938887674,-0.3323729146479865,0.3323729146479865,0,NA,18.3,15.1,-3.3,-7.5,33.2,0
Manta Tow (LTMP),Credlin Reefs (East) (20-287),CREDLIN REEF EAST,20-287,PO,Southern,_,9,2021,2020,2021-02-14,0.13093079347843373,0.14328757398651668,0.012356780508082948,-0.07125258018982555,-0.33057682668042865,0.33057682668042865,9.43,n,13.1,14.3,1.2,-7.1,33.1,9.43
Manta Tow (LTMP),Pearson Reef (11-211),PEARSON REEF,11-211,CG,Northern,_,9,2023,2022,2022-12-05,0.321926067497782,0.22590760344905939,-0.09601846404872263,-0.1109927122475805,-0.3284776814095301,0.3284776814095301,6.16,NA,32.2,22.6,-9.6,-11.1,32.8,6.16
Manta Tow (LTMP),Creech Reef (North) (13-118a),CREECH REEF NORTH,13-118a,PB,Unknown,_,9,2017,2016,2016-08-21,0.5454980628513275,0.3368795435231318,-0.2086185193281957,-0.16245643759008296,-0.32469469261160877,0.32469469261160877,9.31,b,54.5,33.7,-20.9,-16.2,32.5,9.31
Manta Tow (LTMP),Monsoon Reef (11-029),MONSOON REEF,11-029,CG,Northern,_,9,2025,2024,2024-12-17,0.26942545357913866,0.1969455658470966,-0.07247988773204206,-0.09526615860689117,-0.3249056932641205,0.3249056932641205,5.345,NA,26.9,19.7,-7.2,-9.5,32.5,5.34
Benthic Photo (LTMP),Green Island Reef (16-049),GREEN ISLAND,16-049,CA,Central,_,9,1999,1998,1999-02-04,0.060369731297418766,0.05456194818740058,-0.005807783110018186,-0.02658558946120513,-0.3236322137241367,0.3236322137241367,0.94,n,6,5.5,-0.6,-2.7,32.4,0.94
Benthic Photo (MMP),Richards (Bedarra) Reef (18-001),BEDARRA ISLAND,18-001,IN,Central,_,5,2018,2018,2018-06-21,0.15792266544085126,0.1286148468228846,-0.029307818617966663,-0.062029042619280356,-0.3236682515671846,0.3236682515671846,0.23,NA,15.8,12.9,-2.9,-6.2,32.4,0.23
Benthic Photo (LTMP),U/N Reef (21-591),REEF 21-591,21-591,PO,Southern,_,9,2018,2017,2018-03-24,0.12386851227247762,0.12143466558411513,-0.0024338466883624954,-0.05836052458123263,-0.3227990995106591,0.3227990995106591,4.29,NA,12.4,12.1,-0.2,-5.8,32.3,4.29
Manta Tow (LTMP),Martin Reef (14-123),MARTIN REEF,14-123,CL,Northern,_,9,2024,2023,2024-02-02,0.41670347251981843,0.2716942520166412,-0.14500922050317722,-0.12943809495398811,-0.3218793412892048,0.3218793412892048,1.21,NA,41.7,27.2,-14.5,-12.9,32.2,1.21
Benthic Photo (MMP),Pelican Island Reef (23-017),PELICAN ISLAND,23-017,CB,Southern,_,5,2021,2021,2021-05-08,0.18914754476180665,0.15584307082091095,-0.033304473940895696,-0.07459280936705857,-0.3223044296609288,0.3223044296609288,0,NA,18.9,15.6,-3.3,-7.5,32.2,0
Benthic Photo (MMP),Seaforth Reef (20-095),SEAFORTH ISLAND,20-095,WH,Southern,_,2,2021,2021,2021-06-04,0.09766114170040995,0.09519430204044665,-0.002466839659963291,-0.045460221283818214,-0.3209231884516254,0.3209231884516254,0,NA,9.8,9.5,-0.2,-4.5,32.1,0
Manta Tow (LTMP),Michaelmas Reef (16-060),MICHAELMAS CAY,16-060,CA,Central,_,9,2017,2016,2016-12-19,0.12697280778440492,0.1293734030220347,0.0024005952376297823,-0.06127846965999291,-0.31973843408074026,0.31973843408074026,4.62,n,12.7,12.9,0.2,-6.1,32,4.62
Benthic Photo (LTMP),U/N Reef (21-139),REEF 21-139,21-139,SW,Southern,_,9,2018,2017,2018-03-20,0.2801323068731278,0.24058156815434723,-0.039550738718780565,-0.111923679317246,-0.31661108319541964,0.31661108319541964,3.62,n,28,24.1,-4,-11.2,31.7,3.62
Manta Tow (LTMP),Rebe Reef (19-209),REBE REEF,19-209,WH,Southern,_,9,2003,2002,2002-11-28,0.2913745503128958,0.21037281284049467,-0.08100173747240111,-0.09745371755711457,-0.31556135229588095,0.31556135229588095,1.7525,b,29.1,21,-8.1,-9.7,31.6,1.75
Manta Tow (LTMP),Green Island Reef (16-049),GREEN ISLAND,16-049,CA,Central,_,9,2003,2002,2002-10-24,0.06483198775804169,0.058539604677814966,-0.006292383080226727,-0.027434177354453665,-0.315430428727075,0.315430428727075,2.05,n,6.5,5.9,-0.6,-2.7,31.5,2.05
Manta Tow (LTMP),East Cay Reef (21-305),EAST CAY,21-305,SW,Southern,_,9,2023,2023,2023-05-21,0.4662286796958251,0.31352435423231356,-0.15270432546351154,-0.1449064609836299,-0.3154043137387735,0.3154043137387735,0.61,NA,46.6,31.4,-15.3,-14.5,31.5,0.61
Manta Tow (LTMP),U/N Reef (21-550),REEF 21-550,21-550,SW,Southern,_,9,2025,2024,2024-11-18,0.5231246127836484,0.36064581279741115,-0.16247879998623727,-0.16588749961529697,-0.3144588137128244,0.3144588137128244,7.695,NA,52.3,36.1,-16.2,-16.6,31.4,7.7
Benthic Photo (MMP),Middle (Ba-la-ba) Island Reef (23-010),MIDDLE ISLAND,23-010,CB,Southern,_,2,2018,2018,2018-05-03,0.25559289418284575,0.19503545617396242,-0.06055743800888333,-0.08980915164563878,-0.31418872068532444,0.31418872068532444,0.81,NA,25.6,19.5,-6.1,-9,31.4,0.81
Benthic Photo (LTMP),Hyde Reef (19-207),HYDE REEF,19-207,WH,Southern,_,9,2003,2002,2002-11-27,0.17781907801465965,0.1634521750889318,-0.014366902925727842,-0.07466695158246497,-0.31225838192807587,0.31225838192807587,1.923333333,n,17.8,16.3,-1.4,-7.5,31.2,1.92
Manta Tow (LTMP),Michaelmas Reef (16-060),MICHAELMAS CAY,16-060,CA,Central,_,9,1999,1998,1999-02-05,0.10601885870640111,0.09646785376018241,-0.009551004946218702,-0.04387302243070865,-0.3104057623886169,0.3104057623886169,0.14,n,10.6,9.6,-1,-4.4,31,0.14
Benthic Photo (LTMP),Chinaman Reef (22-102),CHINAMAN REEF (22-102),22-102,SW,Southern,_,9,2025,2024,2024-11-15,0.22135253766117685,0.1870466223290761,-0.034305915332100756,-0.084279647406526,-0.3094804165912895,0.3094804165912895,9.3,NA,22.1,18.7,-3.4,-8.4,30.9,9.3
Manta Tow (LTMP),South Direction Reef (North) (14-147a),SOUTH DIRECTION ISLAND,14-147a,CL,Northern,_,9,2025,2024,2024-09-28,0.22989179569720097,0.17870433678922754,-0.05118745890797344,-0.07953862788445756,-0.3068111336582446,0.3068111336582446,6.4,NA,23,17.9,-5.1,-8,30.7,6.4
Benthic Photo (LTMP),U/N Reef (21-558),REEF 21-558,21-558,SW,Southern,_,9,2024,2024,2024-05-03,0.13576658866345692,0.1101872950078745,-0.025579293655582425,-0.04886148123746599,-0.3052911892469937,0.3052911892469937,7.9225,NA,13.6,11,-2.6,-4.9,30.5,7.92
Manta Tow (LTMP),U/N Reef (11-162),REEF 11-162,11-162,CG,Northern,_,9,2023,2022,2022-12-07,0.2895865005020497,0.21503788462554926,-0.07454861587650044,-0.09452510086264344,-0.304366924841522,0.304366924841522,5.51,NA,29,21.5,-7.5,-9.5,30.4,5.51
Benthic Photo (LTMP),U/N Reef (21-139),REEF 21-139,21-139,SW,Southern,_,9,2025,2024,2025-01-05,0.24029573725924935,0.19829692005266009,-0.04199881720658927,-0.08673844378445612,-0.30324377594740215,0.30324377594740215,8.6,NA,24,19.8,-4.2,-8.7,30.3,8.6
Manta Tow (LTMP),Swinger Reef (15-030),SWINGER REEF,15-030,CL,Northern,_,9,2025,2024,2024-12-22,0.41001831853403453,0.2680747706374903,-0.14194354789654423,-0.11706791811690874,-0.3031726911482927,0.3031726911482927,3.876666667,NA,41,26.8,-14.2,-11.7,30.3,3.88
Benthic Photo (MMP),Pandora Reef (18-051),PANDORA REEF,18-051,TO,Central,South,5,2018,2018,2018-05-10,0.08546867497361639,0.0849987880056696,-4.6988696794679485e-4,-0.0373235758354191,-0.30265050614431693,0.30265050614431693,0,NA,8.5,8.5,-0,-3.7,30.3,0
Manta Tow (LTMP),St Crispin Reef (16-019),ST. CRISPIN REEF,16-019,CA,Central,_,9,2018,2017,2017-12-18,0.10533824585422165,0.09661159275667272,-0.008726653097548928,-0.0419904230677635,-0.30078665282721095,0.30078665282721095,8.49,b,10.5,9.7,-0.9,-4.2,30.1,8.49
Benthic Photo (MMP),Normanby-Mabel Reef (17-012),FRANKLAND ISLANDS,17-012,IN,Central,East,2,2024,2024,2024-06-17,0.67131420681515,0.42388243967717015,-0.24743176713797982,-0.18235100230516865,-0.3002980232937702,0.3002980232937702,6.45,NA,67.1,42.4,-24.7,-18.2,30,6.45
Benthic Photo (MMP),Pelorus (North Palm or Yanooa) Reef (18-048),PELORUS IS AND ORPHEUS IS WEST,18-048,TO,Central,West,5,2021,2021,2021-05-13,0.11117501611775553,0.10436880822336693,-0.0068062078943885995,-0.04516398698578468,-0.30002755826750865,0.30002755826750865,0.66,NA,11.1,10.4,-0.7,-4.5,30,0.66
Benthic Photo (MMP),Dent Reef (No 1) (20-058a),DENT ISLAND,20-058a,WH,Southern,_,5,2017,2017,2017-07-05,0.5220535666212803,0.34277897314038197,-0.17927459348089836,-0.137619590664174,-0.2858745351804715,0.2858745351804715,5.905,NA,52.2,34.3,-17.9,-13.8,28.6,5.9
Benthic Photo (LTMP),Hyde Reef (19-207),HYDE REEF,19-207,WH,Southern,_,9,2024,2024,2024-05-13,0.3972470019737009,0.29518550152676976,-0.10206150044693113,-0.11459765054989023,-0.27897358976520076,0.27897358976520076,9.893333333,NA,39.7,29.5,-10.2,-11.5,27.9,9.89
Manta Tow (LTMP),Briggs Reef (No 1) (20-299d),BRIGGS REEF,20-299d,PO,Southern,_,9,2025,2024,2025-03-23,0.5501866906862115,0.38163401308421346,-0.16855267760199805,-0.14633344443928917,-0.27663978635734393,0.27663978635734393,8.31,NA,55,38.2,-16.9,-14.6,27.7,8.31
Benthic Photo (MMP),Fitzroy Island Reef (No 1) (16-054a),FITZROY ISLAND,16-054a,CA,Central,East,2,2021,2021,2021-06-25,0.4091200171578149,0.2810054345127518,-0.1281145826450631,-0.10782869178911109,-0.2766014684553691,0.2766014684553691,0.315,NA,40.9,28.1,-12.8,-10.8,27.7,0.32
Benthic Photo (MMP),Havannah Reef (18-065),HAVANNAH ISLAND,18-065,TO,Central,South,2,2017,2017,2017-05-09,0.5185990433552993,0.3524230380493657,-0.16617600530593357,-0.1324306234280462,-0.27257306865887043,0.27257306865887043,8.71,n,51.9,35.2,-16.6,-13.2,27.3,8.71
Manta Tow (LTMP),Mantis Reef (12-056),MANTIS REEF,12-056,CG,Northern,_,9,2025,2024,2024-12-18,0.42120549680955033,0.3100811424175816,-0.11112435439196872,-0.11485114772784974,-0.2696464916727367,0.2696464916727367,9.46,NA,42.1,31,-11.1,-11.5,27,9.46
Manta Tow (LTMP),Mackay Reefs (15-024),MACKAY REEF,15-024,CL,Northern,_,9,2023,2022,2022-11-03,0.4508135826329015,0.30142066814247426,-0.14939291449042724,-0.10975427225488883,-0.26628079851016334,0.26628079851016334,3.847142857,NA,45.1,30.1,-14.9,-11,26.6,3.85
Manta Tow (LTMP),Tydeman Reef (13-133),TYDEMAN REEF,13-133,PB,Unknown,_,9,2025,2024,2024-12-20,0.38356413829938735,0.28151111490984554,-0.10205302338954181,-0.10069749963961319,-0.2627746240986884,0.2627746240986884,7.18,NA,38.4,28.2,-10.2,-10.1,26.3,7.18
Manta Tow (LTMP),Sand Bank No 1 Reef (14-045),SAND BANK NO.1,14-045,CL,Northern,_,9,2023,2022,2022-11-29,0.5277538634103015,0.3542715775482376,-0.17348228586206388,-0.11620363272752568,-0.2464681709554969,0.2464681709554969,6.275,NA,52.8,35.4,-17.3,-11.6,24.6,6.28
Benthic Photo (MMP),Orpheus (Goolboddi) Island Reef (No 5) (18-049e),ORPHEUS ISLAND EAST,18-049e,TO,Central,East,5,2024,2024,2024-05-31,0.5071642460105452,0.3884450177734608,-0.11871922823708442,-0.12070036810899058,-0.2365999408192287,0.2365999408192287,5.53,NA,50.7,38.8,-11.9,-12.1,23.7,5.53
Manta Tow (LTMP),Ashmore Banks (No 1) (11-237a),ASHMORE BANKS A,11-237a,CG,Northern,_,9,2023,2022,2022-12-04,0.8308323089261449,0.5575101671512852,-0.2733221417748597,-0.16134213241857642,-0.22413227340523093,0.22413227340523093,5.25,NA,83.1,55.8,-27.3,-16.1,22.4,5.25
Benthic Photo (MMP),Tobias Spit (17-009a),HIGH ISLAND,17-009a,IN,Central,East,2,2021,2021,2021-07-09,0.5389893378252972,0.3748077022260112,-0.16418163559928606,-0.10706993441407701,-0.22173305676170993,0.22173305676170993,0.15,NA,53.9,37.5,-16.4,-10.7,22.2,0.15
Benthic Photo (MMP),Barren Island Reef (22-009),BARREN ISLAND,22-009,CB,Southern,_,5,2025,2024,2025-04-20,0.6208482450147622,0.4746668183123068,-0.14618142670245543,-0.13470398625438418,-0.22069205349691004,0.22069205349691004,11.06,NA,62.1,47.5,-14.6,-13.5,22.1,11.06
Benthic Photo (MMP),Normanby-Mabel Reef (17-012),FRANKLAND ISLANDS,17-012,IN,Central,East,5,2017,2017,2017-08-06,0.4412817572288615,0.33692055173814073,-0.10436120549072075,-0.08759913081433109,-0.20586387517698207,0.20586387517698207,10.66,NA,44.1,33.7,-10.4,-8.8,20.6,10.66
Manta Tow (LTMP),Rodda Reef (13-127),RODDA REEF,13-127,PB,Unknown,_,9,2023,2022,2022-12-01,0.53124717912091,0.39421412911463016,-0.13703305000627986,-0.09269737094809742,-0.189988083773758,0.189988083773758,7.04,NA,53.1,39.4,-13.7,-9.3,19,7.04
Manta Tow (LTMP),Agincourt Reefs (No 1) (15-099c),AGINCOURT REEF NO.1,15-099c,CA,Central,_,9,2025,2024,2024-10-06,0.44560178073362894,0.3406554623648544,-0.10494631836877455,-0.07496436196484085,-0.17993469726375103,0.17993469726375103,NA,NA,44.6,34.1,-10.5,-7.5,18,NA
Manta Tow (LTMP),U/N Reef (21-139),REEF 21-139,21-139,SW,Southern,_,9,2025,2024,2025-01-05,0.5779862545901678,0.45086177844244085,-0.12712447614772698,-0.09738866699624985,-0.17731194904806083,0.17731194904806083,8.6,NA,57.8,45.1,-12.7,-9.7,17.7,8.6
Manta Tow (LTMP),Wreck Island Reef (23-051),WRECK ISLAND,23-051,CB,Southern,_,9,2023,2022,2022-08-26,0.7204001919740903,0.5558434706092702,-0.16455672136482014,-0.11955615473163625,-0.17675372701659875,0.17675372701659875,0.47,NA,72,55.6,-16.5,-12,17.7,0.47
Benthic Photo (MMP),Tobias Spit (17-009a),HIGH ISLAND,17-009a,IN,Central,East,5,2021,2021,2021-07-09,0.5355245482734146,0.39951936989099224,-0.13600517838242232,-0.08001654901528182,-0.16651522990706677,0.16651522990706677,0.15,NA,53.6,40,-13.6,-8,16.7,0.15
Benthic Photo (LTMP),Lady Musgrave Reef (23-082a),LADY MUSGRAVE ISLAND,23-082a,CB,Southern,_,9,2023,2022,2022-08-23,0.7271561612478599,0.5791413256264978,-0.14801483562136208,-0.10984442433272544,-0.15919810566988815,0.15919810566988815,0.255,NA,72.7,57.9,-14.8,-11,15.9,0.26
Benthic Photo (LTMP),Wreck Island Reef (23-051),WRECK ISLAND,23-051,CB,Southern,_,9,2023,2022,2022-08-29,0.7407238352634866,0.586170210958874,-0.1545536243046126,-0.10344357346234571,-0.1497849822807089,0.1497849822807089,0.47,NA,74.1,58.6,-15.5,-10.3,15,0.47
Manta Tow (LTMP),Middle Banks (11-222a),MIDDLE BANKS 2,11-222a,CG,Northern,_,9,2025,2024,2024-12-12,0.7508250170616376,0.564457671142748,-0.1863673459188896,-0.09850415936486889,-0.1483581658445031,0.1483581658445031,3.235714286,NA,75.1,56.4,-18.6,-9.9,14.8,3.24
Manta Tow (LTMP),Mast Head Reef (23-069),MASTHEAD ISLAND,23-069,CB,Southern,_,9,2025,2024,2024-11-10,0.38230377464643,0.2778403788580296,-0.10446339578840041,-0.04783777379558816,-0.14643701578143592,0.14643701578143592,11.05,NA,38.2,27.8,-10.4,-4.8,14.6,11.05
Benthic Photo (MMP),Tobias Spit (17-009a),HIGH ISLAND,17-009a,IN,Central,East,2,2017,2017,2017-06-25,0.5399270081243648,0.41343939165027566,-0.12648761647408913,-0.06907134632422207,-0.14285380013187043,0.14285380013187043,11.03,NA,54,41.3,-12.6,-6.9,14.3,11.03
Manta Tow (LTMP),Lagoon Reef (12-061),LAGOON REEF,12-061,CG,Northern,_,9,2025,2024,2024-12-19,0.5429476932960781,0.4352561774540518,-0.10769151584202624,-0.07150705476028563,-0.14082755548968345,0.14082755548968345,5.256666667,NA,54.3,43.5,-10.8,-7.2,14.1,5.26
Manta Tow (LTMP),Lady Musgrave Reef (23-082a),LADY MUSGRAVE ISLAND,23-082a,CB,Southern,_,9,2023,2022,2022-08-23,0.6763485055625904,0.5611650526990862,-0.11518345286350418,-0.09165142833185067,-0.1401791343456727,0.1401791343456727,0.255,NA,67.6,56.1,-11.5,-9.2,14,0.26
Manta Tow (LTMP),Middle Banks (11-222a),MIDDLE BANKS 3,11-222a,CG,Northern,_,9,2023,2022,2022-12-04,0.6330260854073935,0.49768895292630216,-0.1353371324810913,-0.08073061909780627,-0.1393301555482272,0.1393301555482272,5.274285714,NA,63.3,49.8,-13.5,-8.1,13.9,5.27
Benthic Photo (LTMP),Broomfield Reef (23-048),BROOMFIELD REEF,23-048,CB,Southern,_,9,2023,2022,2022-09-03,0.6280624534237206,0.5268282473039908,-0.10123420611972977,-0.08248493941402382,-0.13515182239071408,0.13515182239071408,0.33,NA,62.8,52.7,-10.1,-8.2,13.5,0.33
Manta Tow (LTMP),Hyde Reef (19-207),HYDE REEF,19-207,WH,Southern,_,9,2024,2024,2024-05-13,0.548497743028163,0.44223878365323005,-0.10625895937493296,-0.06730685214145957,-0.13183317498482405,0.13183317498482405,9.893333333,NA,54.8,44.2,-10.6,-6.7,13.2,9.89
Benthic Photo (MMP),Barren Island Reef (22-009),BARREN ISLAND,22-009,CB,Southern,_,5,2023,2023,2023-05-19,0.8376834377189029,0.7041189584586074,-0.13356447926029547,-0.10081999926468485,-0.12509632187218325,0.12509632187218325,0.15,NA,83.8,70.4,-13.4,-10.1,12.5,0.15
Manta Tow (LTMP),Rebe Reef (19-209),REBE REEF,19-209,WH,Southern,_,9,2024,2024,2024-05-13,0.6158185078470628,0.46618035867601393,-0.1496381491710489,-0.05592260989943404,-0.10690554873302777,0.10690554873302777,10.2025,NA,61.6,46.6,-15,-5.6,10.7,10.2
Benthic Photo (MMP),Round-Russell Reef (17-013),FRANKLAND ISLANDS,17-013,IN,Central,West,5,2025,2025,2025-07-28,0.62046217396100245,0.5061361224648321,-0.11432605149617037,-0.060868418114494435,-0.10716185129860535,0.10716185129860535,NA,NA,62,50.6,-11.4,-6.1,10.7,NA
Benthic Photo (MMP),Round-Russell Reef (17-013),FRANKLAND ISLANDS,17-013,IN,Central,West,5,2017,2017,2017-08-06,0.6560203361195885,0.5341292184293733,-0.12189111769021521,-0.06035471618011143,-0.1013540629264696,0.1013540629264696,10.66,NA,65.6,53.4,-12.2,-6,10.1,10.66
Manta Tow (LTMP),Little Kelso Reef (18-031),LITTLE KELSO REEF,18-031,TO,Central,_,9,2018,2017,2018-04-19,0.3726895586718373,0.24348678964530093,-0.12920276902653635,-0.019709582964934386,-0.07460201958946507,0.07460201958946507,7.175,b,37.3,24.3,-12.9,-2,7.5,7.18
Manta Tow (LTMP),U/N Reef (21-558),REEF 21-558,21-558,SW,Southern,_,9,2025,2024,2025-01-07,0.39090706771087363,0.2894259103817405,-0.10148115732913315,-0.022434856400249364,-0.07170875604189324,0.07170875604189324,7.9225,NA,39.1,28.9,-10.1,-2.2,7.2,7.92
Manta Tow (LTMP),U/N Reef (20-353),REEF 20-353,20-353,PO,Southern,_,9,2025,2024,2025-01-15,0.5957874377747552,0.483725731601618,-0.11206170617313715,-0.029297523354771246,-0.05699649397624414,0.05699649397624414,8.51,NA,59.6,48.4,-11.2,-2.9,5.7,8.51
Manta Tow (LTMP),Ashmore Banks (No 3) (11-237c),ASHMORE BANKS C,11-237c,CG,Northern,_,9,2025,2024,2024-12-11,0.6776834549192192,0.5605393950080491,-0.11714405991117016,-0.0015975723360207583,-0.0028369161121767753,0.0028369161121767753,3.885,NA,67.8,56.1,-11.7,-0.2,0.3,3.88
Manta Tow (LTMP),Ashmore Banks (No 2) (11-237b),ASHMORE BANKS B,11-237b,CG,Northern,_,9,2025,2024,2024-12-11,0.7281769959478216,0.5967044612134649,-0.13147253473435672,0.008153382665776587,0.013829815536699196,0,3.84,NA,72.8,59.7,-13.1,0.8,0,3.84
Manta Tow (LTMP),U/N Reef (21-558),REEF 21-558,21-558,SW,Southern,_,9,2023,2023,2023-05-19,0.4885073127293561,0.36925742040330933,-0.11924989232604677,0.00984498611143042,0.027315889172285016,0,0.4075,NA,48.9,36.9,-11.9,1,0,0.41
